-- phpMyAdmin SQL Dump
-- version 4.7.4
-- https://www.phpmyadmin.net/
--
-- Servidor: 127.0.0.1
-- Tiempo de generación: 27-07-2018 a las 19:17:39
-- Versión del servidor: 10.1.28-MariaDB
-- Versión de PHP: 7.1.11

SET SQL_MODE = "NO_AUTO_VALUE_ON_ZERO";
SET AUTOCOMMIT = 0;
START TRANSACTION;
SET time_zone = "+00:00";


/*!40101 SET @OLD_CHARACTER_SET_CLIENT=@@CHARACTER_SET_CLIENT */;
/*!40101 SET @OLD_CHARACTER_SET_RESULTS=@@CHARACTER_SET_RESULTS */;
/*!40101 SET @OLD_COLLATION_CONNECTION=@@COLLATION_CONNECTION */;
/*!40101 SET NAMES utf8mb4 */;

--
-- Base de datos: `lockers`
--

-- --------------------------------------------------------

--
-- Estructura de tabla para la tabla `candado`
--

CREATE TABLE `candado` (
  `MiId` int(100) NOT NULL,
  `id` varchar(30) DEFAULT NULL,
  `clave` varchar(20) NOT NULL
) ENGINE=InnoDB DEFAULT CHARSET=latin1;

--
-- Volcado de datos para la tabla `candado`
--

INSERT INTO `candado` (`MiId`, `id`, `clave`) VALUES
(1, '735772', '062802'),
(2, '735773', '243820'),
(3, '735774', '350115'),
(4, '735775', '122216'),
(5, '735776', '182834'),
(6, '735777', '281020'),
(7, '735778', '300422'),
(8, '735779', '190135'),
(9, '735780', '180818'),
(10, '735781', '263218'),
(11, '735782', '280636'),
(12, '735783', '072515'),
(13, '735784', '093105'),
(14, '735785', '083008'),
(15, '735786', '120216'),
(16, '735787', '020418'),
(17, '735788', '180022'),
(18, '735789', '150115'),
(19, '735990', '220418'),
(20, '735991', '160208'),
(21, '735992', '283820'),
(22, '735993', '081016'),
(23, '735995', '021234'),
(24, '735996', '163832'),
(25, '735998', '021218'),
(26, '735999', '321222'),
(27, '736000', '062414'),
(28, '736001', '141630'),
(29, '736002', '042620'),
(30, '736004', '202228'),
(31, '736005', '102414'),
(32, '736006', '281836'),
(33, '736007', '283408'),
(34, '736008', '083824'),
(35, '736009', '001808'),
(36, '736010', '312135'),
(37, '736013', '223610'),
(38, '736015', '043024'),
(39, '736017', '230115'),
(40, '736019', '021638'),
(41, '736020', '243024'),
(42, '736021', '281436'),
(43, '736022', '021634'),
(44, '736023', '122616'),
(45, '736024', '243428'),
(46, '736025', '222406'),
(47, '736026', '241000'),
(48, '736027', '200228'),
(49, '736028', '082204'),
(50, '736029', '121428'),
(51, '736030', '203424'),
(52, '736031', '320208'),
(53, '736032', '323412'),
(54, '736033', '061638'),
(55, '736034', '240224'),
(56, '736035', '341634'),
(57, '736036', '152515'),
(58, '736037', '203004'),
(59, '736038', '360220'),
(60, '736039', '113715'),
(61, '736040', '300414'),
(62, '736041', '300018'),
(63, '736042', '002200'),
(64, '736044', '000620'),
(65, '736045', '102838'),
(66, '763435', '260034'),
(67, '763455', '233715'),
(68, '763456', '313315'),
(69, '763439', '382014'),
(70, '763417', '101226'),
(71, '763459', '380034'),
(72, '763397', '350535'),
(73, '763415', '190515'),
(74, '763418', '192535'),
(75, '763438', '330725'),
(76, '763398', '253525'),
(77, '763396', '340838'),
(78, '763399', '341606'),
(79, '763457', '182806'),
(80, '743458', '321800'),
(81, '763416', '103210'),
(82, '763395', '152935'),
(83, '763430', '101202'),
(84, '763452', '310915'),
(85, '763393', '372705'),
(86, '763473', '161808'),
(87, '763478', '210725'),
(88, '763479', '061218'),
(89, '763391', '033315'),
(90, '763394', '190535'),
(91, '763476', '120220'),
(92, '763472', '061606'),
(93, '763392', '081432'),
(94, '763432', '222402'),
(95, '763451', '062026'),
(96, '763437', '023214'),
(97, '763450', '390135'),
(98, '763477', '142806'),
(99, '763436', '202208'),
(100, '763390', '142802'),
(101, '763471', '093125'),
(102, '763474', '003004'),
(103, '300404', '223214'),
(104, '300405', '302014'),
(105, '300406', '101602'),
(106, '300407', '201024'),
(107, '300408', '220030'),
(108, '300409', '300438'),
(109, '300410', '242620'),
(110, '300411', '042620'),
(111, '300412', '103618'),
(112, '300413', '340414'),
(113, '300414', '041404'),
(114, '300415', '140010'),
(115, '300416', '200232'),
(116, '300417', '221206'),
(117, '300418', '200220'),
(118, '300419', '260814'),
(119, '300420', '022038'),
(120, '300421', '160628'),
(121, '300422', '301638'),
(122, '300423', '362616'),
(123, '300424', '041428'),
(124, '300425', '223622'),
(125, '300426', '063626'),
(126, '300427', '161812'),
(127, '300428', '182006'),
(128, '300429', '303630'),
(129, '300430', '021222'),
(130, '300431', '321016'),
(131, '300432', '222414'),
(132, '300433', '062822'),
(133, '300434', '381626'),
(134, '300435', '102814'),
(135, '300436', '221234'),
(136, '300437', '240224'),
(137, '300438', '280612'),
(138, '300439', '302812'),
(139, '300440', '041808'),
(140, '300441', '062802'),
(141, '300442', '180422'),
(142, '300443', '362632'),
(143, '300444', '281424'),
(144, '300445', '263602'),
(145, '300446', '241000'),
(146, '300447', '020438'),
(147, '300448', '102434'),
(148, '300449', '122632'),
(149, '300450', '223238'),
(150, '300451', '160620'),
(151, '300452', '220010'),
(152, '300453', '182038'),
(153, '300454', '143614'),
(154, '300455', '280624'),
(155, '300456', '081800'),
(156, '300457', '183614'),
(157, '300458', '302010'),
(158, '300459', '360628'),
(159, '300460', '361016'),
(160, '300461', '001436'),
(161, '300462', '182430'),
(162, '300463', '062030'),
(163, '300464', '242616'),
(164, '300465', '041804'),
(165, '300466', '103630'),
(166, '300468', '222430'),
(167, '300469', '042232'),
(168, '300470', '123824'),
(169, '300471', '041832'),
(170, '300472', '182406'),
(171, '300473', '180026'),
(172, '300474', '143222'),
(173, '300475', '361828'),
(174, '300476', '341638'),
(175, '300477', '263218'),
(176, '300478', '243008'),
(177, '300479', '363804'),
(178, '300480', '361020'),
(179, '300481', '041800'),
(180, '300482', '183622'),
(181, '300483', '260410'),
(182, '300484', '103238'),
(183, '300485', '100034'),
(184, '300486', '121408'),
(185, '300487', '300830'),
(186, '300488', '103218'),
(187, '300489', '163812'),
(188, '300490', '301634'),
(189, '300491', '243828'),
(190, '300492', '001800'),
(191, '300493', '323428'),
(192, '300494', '380422'),
(193, '300495', '301606'),
(194, '300496', '143630'),
(195, '300497', '062818'),
(196, '300498', '001824'),
(197, '300499', '343606'),
(198, '300500', '220014'),
(199, '300501', '340430'),
(200, '300502', '180826'),
(201, '300503', '220026'),
(202, '300504', '060834'),
(203, '300505', '002236'),
(204, '300506', '381630'),
(205, '300507', '040612'),
(206, '300508', '103606'),
(207, '300509', '082604'),
(208, '300510', '243816'),
(209, '300511', '081404'),
(210, '300512', '183210'),
(211, '300513', '142406'),
(212, '300514', '380022'),
(213, '300515', '062014'),
(214, '300516', '061638'),
(215, '300517', '242636'),
(216, '300518', '240620'),
(217, '300519', '300430'),
(218, '300520', '060826'),
(219, '300521', '182834'),
(220, '300522', '142034'),
(221, '300523', '123832'),
(222, '300524', '382838'),
(223, '300525', '082620'),
(224, '300526', '361404'),
(225, '300527', '362208'),
(226, '300528', '220818'),
(227, '300529', '220434'),
(228, '300530', '062434'),
(229, '300531', '300018'),
(230, '300532', '303606'),
(231, '300533', '341634'),
(232, '300534', '241404'),
(233, '300535', '042616'),
(234, '300536', '061234'),
(235, '300537', '243412'),
(236, '300538', '183606'),
(237, '300539', '283420'),
(238, '300540', '320624'),
(239, '300541', '323820'),
(240, '300542', '280212'),
(241, '300543', '322228'),
(242, '300544', '203828'),
(243, '300545', '003008'),
(244, '300546', '002616'),
(245, '300547', '162608'),
(246, '300548', '082208'),
(247, '300549', '222822'),
(248, '300550', '323816'),
(249, '300551', '283416'),
(250, '300552', '122636'),
(251, '300553', '101230'),
(252, '300554', '203020'),
(253, '300555', '120224'),
(254, '300556', '241400'),
(255, '300557', '100030'),
(256, '300558', '360624'),
(257, '300559', '120228'),
(258, '300560', '340022'),
(259, '300561', '280636'),
(260, '300562', '361800'),
(261, '300563', '180818'),
(262, '300564', '341238'),
(263, '300565', '143618'),
(264, '300566', '043408'),
(265, '300567', '341222'),
(266, '300568', '261234'),
(267, '300569', '361812'),
(268, '300570', '362620'),
(269, '300571', '300434'),
(270, '300572', '143602'),
(271, '300573', '363832'),
(272, '300574', '021638'),
(273, '300575', '122608'),
(274, '300576', '221238'),
(275, '300577', '103226'),
(276, '300578', '001024'),
(277, '300579', '182802'),
(278, '300580', '100010'),
(279, '300581', '261218'),
(280, '300582', '260422'),
(281, '300583', '323416'),
(282, '300584', '160232'),
(283, '300585', '160612'),
(284, '300586', '142810'),
(285, '300587', '241432'),
(286, '300588', '083004'),
(287, '300589', '360632'),
(288, '300590', '262834'),
(289, '300591', '280224'),
(290, '300592', '001832'),
(291, '300593', '063226'),
(292, '300594', '221226'),
(293, '300595', '283812'),
(294, '300596', '303214'),
(295, '300597', '382406'),
(296, '300598', '382418'),
(297, '300599', '123416'),
(298, '300600', '081032'),
(299, '300701', '002216'),
(300, '300702', '160616'),
(301, '300703', '303218'),
(302, '300704', '082616'),
(303, '300705', '200612'),
(304, '300706', '240208'),
(305, '300707', '341606'),
(306, '300708', '043424'),
(307, '300709', '002608'),
(308, '300710', '222406'),
(309, '300711', '340426'),
(310, '300712', '083024'),
(311, '300713', '042200'),
(312, '300714', '361420'),
(313, '300715', '083416'),
(314, '300716', '103222'),
(315, '300717', '163808'),
(316, '300718', '101606'),
(317, '300719', '242600'),
(318, '300720', '100022'),
(319, '300721', '022806'),
(320, '300722', '143622'),
(321, '300723', '380026'),
(322, '300724', '163416'),
(323, '300725', '162632'),
(324, '300726', '042636'),
(325, '300727', '020430'),
(326, '300728', '121400'),
(327, '300729', '281808'),
(328, '300730', '180022'),
(329, '300731', '002208'),
(330, '300732', '123404'),
(331, '300733', '280616'),
(332, '300734', '040600'),
(333, '300735', '163004'),
(334, '300736', '380014'),
(335, '300737', '281436'),
(336, '300738', '000212'),
(337, '300739', '163008'),
(338, '300740', '222418'),
(339, '300741', '141622'),
(340, '300743', '361432'),
(341, '300744', '281832'),
(342, '300745', '020822'),
(343, '300746', '283400'),
(344, '300747', '102030'),
(345, '300748', '342410'),
(346, '300749', '382402'),
(347, '300750', '382430'),
(348, '300751', '202604'),
(349, '300752', '340014'),
(350, '300753', '163012'),
(351, '300754', '082204'),
(352, '300755', '062406'),
(353, '300756', '142010'),
(354, '300757', '223226'),
(355, '300758', '000228'),
(356, '300759', '081804'),
(357, '300760', '382834'),
(358, '300761', '240624'),
(359, '300762', '382814'),
(360, '300763', '102438'),
(361, '300764', '160636'),
(362, '300765', '360620'),
(363, '300766', '201036'),
(364, '300767', '241436'),
(365, '300768', '242612'),
(366, '300769', '082608'),
(367, '300770', '161824'),
(368, '300771', '263610'),
(369, '300772', '300418'),
(370, '300773', '362200'),
(371, '300774', '243024'),
(372, '300775', '323832'),
(373, '300776', '360636'),
(374, '300777', '243000'),
(375, '300778', '203008'),
(376, '300779', '021202'),
(377, '300780', '340018'),
(378, '300781', '363816'),
(379, '300782', '160224'),
(380, '300783', '360232'),
(381, '300784', '200616'),
(382, '300785', '222434'),
(383, '300786', '281800'),
(384, '300787', '182418'),
(385, '300788', '202616'),
(386, '300789', '320632'),
(387, '300790', '180014'),
(388, '300791', '160212'),
(389, '300792', '042612'),
(390, '300793', '303618'),
(391, '300794', '202232'),
(392, '300795', '002212'),
(393, '300796', '183626'),
(394, '300797', '081424'),
(395, '300798', '022026'),
(396, '300799', '200208'),
(397, '300800', '162228'),
(398, '300801', '123020'),
(399, '300802', '200228'),
(400, '300803', '221202'),
(401, '300804', '001432'),
(402, '300805', '263206'),
(403, '300806', '041024'),
(404, '300807', '182814'),
(405, '300808', '323808'),
(406, '300809', '303202'),
(407, '300810', '283832'),
(408, '300811', '122232'),
(409, '300812', '283404'),
(410, '300813', '041036'),
(411, '300814', '022010'),
(412, '300815', '380834'),
(413, '300816', '083000'),
(414, '300817', '000620'),
(415, '300818', '180838'),
(416, '300819', '182414'),
(417, '300820', '180034'),
(418, '300821', '140026'),
(419, '300822', '121836'),
(420, '300823', '382414'),
(421, '300824', '381606'),
(422, '300825', '360220'),
(423, '300826', '140006'),
(424, '300827', '340418'),
(425, '300828', '122600'),
(426, '300829', '162204'),
(427, '300830', '361424'),
(428, '300831', '022430'),
(429, '300832', '183206'),
(430, '300833', '022434'),
(431, '300834', '342030'),
(432, '300835', '243416'),
(433, '300836', '020830'),
(434, '300837', '200212'),
(435, '300838', '022818'),
(436, '300839', '381230'),
(437, '300840', '363812'),
(438, '300841', '220422'),
(439, '300842', '183202'),
(440, '300843', '122200'),
(441, '300844', '340814'),
(442, '300845', '340410'),
(443, '300846', '380434'),
(444, '300847', '280600'),
(445, '300848', '283408'),
(446, '300849', '182818'),
(447, '300850', '203016'),
(448, '300851', '161836'),
(449, '300852', '163428'),
(450, '300853', '362600'),
(451, '300854', '243036'),
(452, '300855', '021606'),
(453, '300856', '102418'),
(454, '300857', '102838'),
(455, '300858', '143626'),
(456, '300859', '042604'),
(457, '300860', '043008'),
(458, '300861', '243820'),
(459, '300862', '020426'),
(460, '300863', '341202'),
(461, '300864', '342038'),
(462, '300865', '300802'),
(463, '300866', '082632'),
(464, '300867', '120232'),
(465, '300868', '183214'),
(466, '300869', '001004'),
(467, '300870', '041424'),
(468, '300871', '062834'),
(469, '300872', '063610'),
(470, '300873', '321812'),
(471, '300874', '323424'),
(472, '300875', '023206'),
(473, '300876', '361400'),
(474, '300877', '163816'),
(475, '300878', '323824'),
(476, '300879', '203012'),
(477, '300880', '303226'),
(478, '300881', '0 41812'),
(479, '300882', '0 81004'),
(480, '300883', '340034'),
(481, '300884', '362604'),
(482, '300885', '0 40628'),
(483, '300886', '0 61222'),
(484, '300887', '263630'),
(485, '300888', '103210'),
(486, '300889', '102802'),
(487, '300890', '382038'),
(488, '300891', '382014'),
(489, '300892', '281028'),
(490, '300893', '321436'),
(491, '300894', '241024'),
(492, '300895', '143610'),
(493, '300896', '220826'),
(494, '300897', '260014'),
(495, '300898', '140418'),
(496, '300899', '341226'),
(497, '300900', '0 63618'),
(498, '300901', '343610'),
(499, '300902', '0 21206'),
(500, '300903', '361028'),
(501, '300904', '301230'),
(502, '300905', '240236'),
(503, '300906', '263214'),
(504, '300907', '201016'),
(505, '300908', '340422'),
(506, '300909', '0 42216'),
(507, '300910', '202608'),
(508, '300911', '0 01804'),
(509, '300912', '341602'),
(510, '300913', '222438'),
(511, '300914', '380430'),
(512, '300915', '223618'),
(513, '300916', '0 22822'),
(514, '300917', '263238'),
(515, '300918', '180830'),
(516, '300919', '0 03024'),
(517, '300920', '101234'),
(518, '300921', '102014'),
(519, '300922', '283024'),
(520, '300923', '123420'),
(521, '300924', '382002'),
(522, '300925', '281016'),
(523, '300926', '142434'),
(524, '300927', '180834'),
(525, '300928', '0 00624'),
(526, '300929', '0 81832'),
(527, '300930', '0 42632'),
(528, '300931', '203424'),
(529, '300932', '380034'),
(530, '300933', '123004'),
(531, '300934', '300814'),
(532, '300935', '340822'),
(533, '300936', '201028'),
(534, '300937', '0 82200'),
(535, '300938', '203400'),
(536, '300939', '380414'),
(537, '300940', '340030'),
(538, '300941', '183602'),
(539, '300942', '302034'),
(540, '300943', '0 43020'),
(541, '300944', '121424'),
(542, '300945', '142834'),
(543, '300946', '340026'),
(544, '300947', '220438'),
(545, '300948', '321400'),
(546, '300949', '0 82600'),
(547, '300950', '142822'),
(548, '300951', '283820'),
(549, '300952', '362232'),
(550, '300953', '123412'),
(551, '300954', '0 22002'),
(552, '300955', '342406'),
(553, '300956', '301218'),
(554, '300957', '220830'),
(555, '300958', '122620'),
(556, '300959', '0 40624'),
(557, '300960', '202200'),
(558, '300961', '0 02620'),
(559, '300962', '0 20838'),
(560, '300963', '223626'),
(561, '300964', '0 81432'),
(562, '300965', '0 22014'),
(563, '300966', '121828'),
(564, '300967', '120220'),
(565, '300968', '123828'),
(566, '300969', '281836'),
(567, '300970', '0 23214'),
(568, '300971', '200636'),
(569, '300972', '260438'),
(570, '300973', '0 42204'),
(571, '300974', '0 83012'),
(572, '300975', '121436'),
(573, '300976', '320224'),
(574, '300977', '321800'),
(575, '300978', '221218'),
(576, '300979', '0 61230'),
(577, '300980', '0 61626'),
(578, '300981', '342418'),
(579, '300982', '140422'),
(580, '300983', '223602'),
(581, '300984', '382010'),
(582, '300985', '0 82612'),
(583, '300986', '303610'),
(584, '300987', '180410'),
(585, '300988', '301602'),
(586, '300989', '103622'),
(587, '300990', '300822'),
(588, '300991', '243428'),
(589, '300992', '322212'),
(590, '300993', '122236'),
(591, '300994', '343614'),
(592, '300995', '361808'),
(593, '300996', '101634'),
(594, '300997', '0 43012'),
(595, '300998', '0 41828'),
(596, '300999', '182438'),
(597, '301000', '302030'),
(598, '301001', '281004'),
(599, '301002', '202636'),
(600, '301003', '0 81428'),
(601, '301004', '382026'),
(602, '301005', '141634'),
(603, '301006', '0 20814'),
(604, '301007', '341630'),
(605, '301008', '260414'),
(606, '301009', '123400'),
(607, '301010', '163412'),
(608, '301011', '220034'),
(609, '301013', '0 61602'),
(610, '301014', '0 22438'),
(611, '301015', '123036'),
(612, '301016', '123424'),
(613, '301017', '102822'),
(614, '301018', '0 40636'),
(615, '301019', '0 00632'),
(616, '301020', '260434'),
(617, '301021', '123808'),
(618, '301022', '0 41824'),
(619, '301023', '0 22414'),
(620, '301024', '340010'),
(621, '301025', '102810'),
(622, '301026', '103610'),
(623, '301027', '382802'),
(624, '301028', '0 42212'),
(625, '301029', '0 83428'),
(626, '301030', '240628'),
(627, '301031', '140034'),
(628, '301032', '301622'),
(629, '301033', '243812'),
(630, '301034', '281032'),
(631, '301035', '0 61634'),
(632, '301036', '0 00628'),
(633, '301037', '0 41400'),
(634, '301038', '0 61610'),
(635, '301039', '0 41436'),
(636, '301040', '263626'),
(637, '301041', '380802'),
(638, '301042', '281812'),
(639, '301043', '123016'),
(640, '301046', '0 62438'),
(641, '301047', '261638'),
(642, '301048', '0 43000'),
(643, '301051', '0 21218'),
(644, '301052', '243020'),
(645, '301053', '102414'),
(646, '301058', '142818'),
(647, '400201', '303218'),
(648, '400202', '042612'),
(649, '400203', '203816'),
(650, '400204', '220438'),
(651, '400205', '142438'),
(652, '400206', '020818'),
(653, '400207', '143206'),
(654, '400208', '361400'),
(655, '400209', '022030'),
(656, '400210', '103626'),
(657, '400211', '321800'),
(658, '400212', '281024'),
(659, '400213', '260834'),
(660, '400214', '221238'),
(661, '400215', '202608'),
(662, '400216', '241000'),
(663, '400217', '380006'),
(664, '400218', '123812'),
(665, '400219', '081016'),
(666, '400220', '300430'),
(667, '400221', '081432'),
(668, '400222', '120208'),
(669, '400223', '042212'),
(670, '400224', '203408'),
(671, '400225', '223626'),
(672, '400226', '021226'),
(673, '400227', '022430'),
(674, '400228', '283024'),
(675, '400229', '180034'),
(676, '400230', '021626'),
(677, '400231', '183606'),
(678, '400232', '340014'),
(679, '400233', '281804'),
(680, '400234', '362204'),
(681, '400235', '220018'),
(682, '400236', '261638'),
(683, '400237', '121424'),
(684, '400238', '162216'),
(685, '400239', '162612'),
(686, '400240', '162200'),
(687, '400241', '260414'),
(688, '400242', '341630'),
(689, '400243', '020834'),
(690, '400244', '360616'),
(691, '400245', '203000'),
(692, '400246', '380030'),
(693, '400247', '323804'),
(694, '400248', '200628'),
(695, '400249', '162604'),
(696, '400250', '300822'),
(697, '400251', '361004'),
(698, '400252', '200612'),
(699, '400253', '002632'),
(700, '400254', '262814'),
(701, '400255', '263606'),
(702, '400256', '301638'),
(703, '400257', '222818'),
(704, '400258', '320208'),
(705, '400259', '302014'),
(706, '400260', '382006'),
(707, '400261', '081428'),
(708, '400262', '063202'),
(709, '400263', '381638'),
(710, '400264', '020410'),
(711, '400265', '062802'),
(712, '400266', '002212'),
(713, '400267', '001420'),
(714, '400268', '000232'),
(715, '400269', '082236'),
(716, '400270', '120236'),
(717, '400271', '202600'),
(718, '400272', '040624'),
(719, '400273', '083816'),
(720, '400275', '162608'),
(721, '400276', '182010'),
(722, '400277', '140422'),
(723, '400278', '382430'),
(724, '400279', '180830'),
(725, '400280', '122200'),
(726, '400281', '220830'),
(727, '400282', '360236'),
(728, '400283', '362612'),
(729, '400284', '283416'),
(730, '400285', '041420'),
(731, '400286', '123832'),
(732, '400287', '041800'),
(733, '400288', '143226'),
(734, '400289', '341238'),
(735, '400290', '142038'),
(736, '400291', '261226'),
(737, '400292', '083812'),
(738, '400293', '202212'),
(739, '400294', '121400'),
(740, '400295', '303210'),
(741, '400296', '081420'),
(742, '400297', '081832'),
(743, '400298', '342030'),
(744, '400299', '283016'),
(745, '400300', '182810'),
(746, '707170', '043000'),
(747, '707171', '281000'),
(748, '707172', '063614'),
(749, '707173', '342030'),
(750, '707174', '101606'),
(751, '707175', '220010'),
(752, '707176', '163804'),
(753, '707177', '253505'),
(754, '707178', '300414'),
(755, '707179', '192935'),
(756, '707180', '283012'),
(757, '707181', '183210'),
(758, '707182', '141634'),
(759, '707183', '032535'),
(760, '707184', '161812'),
(761, '707185', '263214'),
(762, '707186', '000620'),
(763, '707187', '310915'),
(764, '707188', '142822'),
(765, '707189', '201028'),
(766, '707190', '101602'),
(767, '707191', '261202'),
(768, '707192', '320624'),
(769, '707193', '320224'),
(770, '707194', '173505'),
(771, '707195', '342434'),
(772, '707196', '280212'),
(773, '707197', '032935'),
(774, '707198', '121836'),
(775, '707199', '202608'),
(776, '707200', '182010'),
(777, '707201', '331505'),
(778, '707202', '382438'),
(779, '707203', '243820'),
(780, '707204', '112915'),
(781, '707205', '222406'),
(782, '707206', '240236'),
(783, '707207', '241016'),
(784, '707208', '081020'),
(785, '707209', '140034'),
(786, '707210', '202236'),
(787, '707211', '082232'),
(788, '707212', '163036'),
(789, '707213', '322232'),
(790, '707214', '232935'),
(791, '707215', '361828'),
(792, '707216', '051525'),
(793, '707217', '160636'),
(794, '707218', '340822'),
(795, '707219', '183602'),
(796, '707220', '152515'),
(797, '707221', '072135'),
(798, '707222', '163000'),
(799, '707223', '123808'),
(800, '707224', '023214'),
(801, '707225', '222822'),
(802, '707226', '063610'),
(803, '707227', '230935'),
(804, '707228', '361028'),
(805, '707229', '340010'),
(806, '707230', '100018'),
(807, '707231', '123416'),
(808, '707232', '380826'),
(809, '707233', '300018'),
(810, '707234', '022806'),
(811, '707235', '081836'),
(812, '707236', '092705'),
(813, '707237', '030515'),
(814, '707238', '142038'),
(815, '707239', '261606'),
(816, '707240', '002208'),
(817, '707241', '392115'),
(818, '707242', '303602'),
(819, '707243', '242604'),
(820, '707244', '032915'),
(821, '707245', '382026'),
(822, '707246', '121424'),
(823, '707247', '100006'),
(824, '707248', '261226'),
(825, '707249', '020822'),
(826, '707250', '011905'),
(827, '707251', '223606'),
(828, '707252', '160616'),
(829, '707253', '072915'),
(830, '707254', '182438'),
(831, '707255', '243400'),
(832, '707256', '281824'),
(833, '707257', '323828'),
(834, '707258', '091905'),
(835, '707259', '081828'),
(836, '707260', '112535'),
(837, '707261', '122204'),
(838, '707262', '213105'),
(839, '707263', '043428'),
(840, '707264', '321400'),
(841, '707265', '200220'),
(842, '707266', '081800'),
(843, '707267', '341230'),
(844, '707268', '220838'),
(845, '707269', '183214'),
(846, '707270', '200624'),
(847, '707271', '293125'),
(848, '707272', '143618'),
(849, '707273', '180026'),
(850, '707274', '202212'),
(851, '707275', '063206'),
(852, '707276', '243416'),
(853, '707277', '152115'),
(854, '707278', '020438'),
(855, '707279', '182822'),
(856, '707280', '221206'),
(857, '707281', '062822'),
(858, '707282', '361016'),
(859, '707283', '172705'),
(860, '707284', '042632'),
(861, '707285', '041424'),
(862, '707286', '143226'),
(863, '707287', '323408'),
(864, '707288', '121808'),
(865, '707289', '082620'),
(866, '707290', '002608'),
(867, '707291', '203000'),
(868, '707292', '213525'),
(869, '707293', '182038'),
(870, '707294', '052305'),
(871, '707295', '082600'),
(872, '707296', '321404'),
(873, '707297', '022030'),
(874, '707298', '162616'),
(875, '707299', '173925'),
(876, '707300', '162600'),
(877, '707301', '310135'),
(878, '707302', '283428'),
(879, '707303', '311735'),
(880, '707304', '000628'),
(881, '707305', '101638'),
(882, '707306', '023218'),
(883, '707307', '240232'),
(884, '707308', '281408'),
(885, '707309', '203820'),
(886, '707310', '360228'),
(887, '707311', '260026'),
(888, '707312', '380434'),
(889, '707313', '123420'),
(890, '707314', '043404'),
(891, '707315', '201024'),
(892, '707316', '243020'),
(893, '707317', '361804'),
(894, '707319', '022014'),
(895, '707320', '123036'),
(896, '707321', '163424'),
(897, '707322', '281432'),
(898, '707323', '000612'),
(899, '707324', '260838'),
(900, '707325', '103214'),
(901, '707326', '240636'),
(902, '707327', '203016'),
(903, '707328', '060818'),
(904, '707329', '002212'),
(905, '707330', '061630'),
(906, '707331', '213125'),
(907, '707332', '142010'),
(908, '707333', '243824'),
(909, '707334', '202612'),
(910, '707335', '060802'),
(911, '707336', '281800'),
(912, '707337', '331905'),
(913, '707338', '002236'),
(914, '707339', '360632'),
(915, '707340', '063238'),
(916, '707341', '380006'),
(917, '707342', '100022'),
(918, '707343', '283020'),
(919, '707344', '101202'),
(920, '707345', '150115'),
(921, '707346', '151735'),
(922, '707347', '063202'),
(923, '707348', '081028'),
(924, '707349', '302002'),
(925, '707350', '062010'),
(926, '707351', '163024'),
(927, '707352', '100026'),
(928, '707353', '283416'),
(929, '707354', '360232'),
(930, '707355', '342402'),
(931, '707356', '380430'),
(932, '707357', '241428'),
(933, '707358', '323412'),
(934, '707359', '241024'),
(935, '707360', '260410'),
(936, '707361', '243424'),
(937, '707362', '382802'),
(938, '707363', '202636'),
(939, '707364', '360616'),
(940, '707365', '060838'),
(941, '707366', '041432'),
(942, '707367', '340018'),
(943, '707368', '341630'),
(944, '707369', '002636'),
(945, '707970', '260030'),
(946, '707971', '041000'),
(947, '707972', '143202'),
(948, '707973', '023222'),
(949, '707974', '283400'),
(950, '707975', '040636'),
(951, '707976', '140422'),
(952, '707977', '322200'),
(953, '707978', '333505'),
(954, '707979', '073315'),
(955, '707980', '361832'),
(956, '707981', '001800'),
(957, '707982', '101634'),
(958, '707983', '182030'),
(959, '707984', '263610'),
(960, '707985', '263602'),
(961, '707986', '102418'),
(962, '707987', '291105'),
(963, '707988', '321000'),
(964, '707989', '281404'),
(965, '707990', '083020'),
(966, '707991', '360212'),
(967, '707992', '203008'),
(968, '707993', '021626'),
(969, '707994', '003020'),
(970, '707995', '381602'),
(971, '707996', '360216'),
(972, '707997', '042208'),
(973, '707998', '280628'),
(974, '707999', '041024'),
(975, '708000', '140030'),
(976, '708001', '271335'),
(977, '708002', '201004'),
(978, '708003', '200620'),
(979, '708004', '213505'),
(980, '708005', '142810'),
(981, '708006', '283812'),
(982, '708007', '040620'),
(983, '708008', '262818'),
(984, '708009', '180434'),
(985, '708010', '361428'),
(986, '708011', '352135'),
(987, '708012', '092305'),
(988, '708013', '200632'),
(989, '708014', '163820'),
(990, '708015', '062002'),
(991, '708016', '081804'),
(992, '708017', '022802'),
(993, '708018', '241000'),
(994, '708019', '202232'),
(995, '708020', '390935'),
(996, '708021', '320236'),
(997, '708022', '161832'),
(998, '708023', '340034'),
(999, '708024', '371105'),
(1000, '708025', '303222'),
(1001, '708026', '380010'),
(1002, '708027', '041824'),
(1003, '708028', '022002'),
(1004, '708029', '063222'),
(1005, '708030', '180414'),
(1006, '708031', '102038'),
(1007, '708032', '232915'),
(1008, '708033', '041436'),
(1009, '708034', '340834'),
(1010, '708035', '321824'),
(1011, '708036', '280208'),
(1012, '708037', '142838'),
(1013, '708038', '360620'),
(1014, '708039', '260802'),
(1015, '708040', '380426'),
(1016, '708041', '303614'),
(1017, '708042', '243412'),
(1018, '708043', '252705'),
(1019, '708044', '081032'),
(1020, '708045', '300026'),
(1021, '708046', '061634'),
(1022, '708047', '021634'),
(1023, '708048', '241404'),
(1024, '708049', '220014'),
(1025, '708050', '161808'),
(1026, '708051', '083012'),
(1027, '708052', '081000'),
(1028, '708053', '340802'),
(1029, '708054', '082636'),
(1030, '708055', '001832'),
(1031, '708056', '320212'),
(1032, '708057', '302006'),
(1033, '708058', '251105'),
(1034, '708059', '040628'),
(1035, '708060', '083416'),
(1036, '708061', '101206'),
(1037, '708062', '162608'),
(1038, '708063', '331525'),
(1039, '708064', '361000'),
(1040, '708065', '163424'),
(1041, '708066', '281432'),
(1042, '708067', '000612'),
(1043, '708068', '260838'),
(1044, '708069', '103214'),
(1045, '725732', '170725'),
(1046, '730491', '283404'),
(1047, '730497', '022034'),
(1048, '730498', '001800'),
(1049, '735690', '123420'),
(1050, '735691', '183602'),
(1051, '735692', '001832'),
(1052, '735693', '103226'),
(1053, '735694', '321836'),
(1054, '735695', '281032'),
(1055, '735696', '013105'),
(1056, '735697', '123828'),
(1057, '735698', '061222'),
(1058, '735699', '083412'),
(1059, '735700', '362212'),
(1060, '735701', '283004'),
(1061, '735702', '112535'),
(1062, '735703', '102802'),
(1063, '735704', '022010'),
(1064, '735705', '133905'),
(1065, '735706', '363812'),
(1066, '735707', '232515'),
(1067, '735708', '242620'),
(1068, '735709', '001428'),
(1069, '735710', '291125'),
(1070, '735711', '101634'),
(1071, '735712', '213105'),
(1072, '735713', '121404'),
(1073, '735714', '203804'),
(1074, '735715', '300430'),
(1075, '735716', '190915'),
(1076, '735717', '241028'),
(1077, '735718', '183218'),
(1078, '735719', '360232'),
(1079, '735720', '320628'),
(1080, '735721', '381630'),
(1081, '735722', '343622'),
(1082, '735723', '342026'),
(1083, '735724', '270115'),
(1084, '735725', '390535'),
(1085, '735726', '060818'),
(1086, '735727', '342006'),
(1087, '735728', '122632'),
(1088, '735729', '101234'),
(1089, '735730', '243036'),
(1090, '735731', '153715'),
(1091, '735733', '310135'),
(1092, '735734', '240208'),
(1093, '735735', '002236'),
(1094, '735736', '022006'),
(1095, '735737', '261622'),
(1096, '735738', '143226'),
(1097, '735739', '300438'),
(1098, '735740', '200224'),
(1099, '735741', '262806'),
(1100, '735742', '263614'),
(1101, '735743', '143210'),
(1102, '735744', '121824'),
(1103, '735745', '382038'),
(1104, '735746', '243816'),
(1105, '735747', '081004'),
(1106, '735748', '163000'),
(1107, '735749', '183626'),
(1108, '735750', '220834'),
(1109, '735751', '161812'),
(1110, '735752', '183238'),
(1111, '735753', '220026'),
(1112, '735754', '342402'),
(1113, '735755', '041432'),
(1114, '735756', '381610'),
(1115, '735757', '012305'),
(1116, '735758', '140034'),
(1117, '735759', '043004'),
(1118, '735760', '182010'),
(1119, '735761', '243016'),
(1120, '735762', '261606'),
(1121, '735763', '241036'),
(1122, '735764', '120228'),
(1123, '735765', '000212'),
(1124, '735766', '251105'),
(1125, '735767', '200236'),
(1126, '735768', '220430'),
(1127, '735769', '122620'),
(1128, '735770', '212305'),
(1129, '735771', '062806'),
(1130, '901558', '281824'),
(1131, '910265', '173525'),
(1132, '2800108', '123408'),
(1135, '911674', '222438'),
(1136, '2301561', '280600'),
(1137, '911323', '162616'),
(1138, '902381', '283404'),
(1139, '901549', '140026'),
(1141, NULL, ''),
(1142, '2301589', '162228'),
(1143, '911248', '283820'),
(1144, '901610', '381218'),
(1147, '905697', '163016'),
(1148, '903360', '142834'),
(1149, '914694', '091129'),
(1151, '900129', '050725'),
(1152, '2301587', '381206'),
(1153, '2800127', '361836'),
(1154, '905679', '062402'),
(1155, '2301593', '140014'),
(1157, '909472', '142418'),
(1158, '914658', '351703'),
(1159, '910679', '360112'),
(1160, '2301584', '160212'),
(1161, '909064', 'Del Tiempo'),
(1163, '914675', '113703'),
(1164, '900102', '103622'),
(1165, '902578', '230935'),
(1166, '915185', '331501'),
(1167, '908353', '020838'),
(1168, '906206', '390915'),
(1170, '900205', '043000'),
(1171, '2301564', '182002'),
(1172, '909656', '340014'),
(1174, '2800123', '022010'),
(1175, '2800106', '323424'),
(1178, '2301600', '381638'),
(1180, '906942', '202600'),
(1181, '2800146', '102402'),
(1183, '2800139', '122604'),
(1184, '2301598', '122636'),
(1185, '908999', '222410'),
(1186, '2301599', '380422'),
(1189, '908347', '093505'),
(1191, '2300817', '043024'),
(1192, '2301594', '022438'),
(1193, '2301568', '102006'),
(1194, '2301563', '340830'),
(1195, '914745', '331101'),
(1197, '2301590', '260826'),
(1199, '907134', '361408'),
(1201, '900800', '283012'),
(1202, '2800105', '001812'),
(1203, '903748', '101610'),
(1204, '911522', '242608'),
(1205, '2800135', '260418'),
(1206, '905891', '340826'),
(1207, '2302324', '213517'),
(1208, '2301586', '123820'),
(1211, '900088', '202620'),
(1213, '909463', '300006'),
(1214, '914963', '351711'),
(1216, '2301581', '222434'),
(1218, '914738', '132737'),
(1220, '911773', '162620'),
(1221, '911139', '260010'),
(1224, '2301582', '000600'),
(1225, '2800111', '301626'),
(1226, '2301566', '040628'),
(1227, '2800119', '020826'),
(1228, '2301597', '002632'),
(1230, '902824', '221202'),
(1233, '907030', '162200'),
(1234, '2301569', '203008'),
(1235, '911495', '043036'),
(1236, '2800112', '122232'),
(1238, '911176', '360616'),
(1239, '2800128', '042620'),
(1240, '2301596', '222802'),
(1245, '911458', '001432'),
(1246, '919884', '132737'),
(1247, '903389', '330725'),
(1248, '2301591', '081804'),
(1249, '2800118', '142814'),
(1250, '910125', '143210'),
(1251, '2301567', '021238'),
(1252, '911509', '362228'),
(1253, '2301562', '083004'),
(1254, '2301588', '223238'),
(1255, '910712', '121812'),
(1256, '2800134', '362620'),
(1257, '2800148', '262822'),
(1259, '2800124', '081000'),
(1261, '2301595', '220814'),
(1262, '2301592', '043016'),
(1264, '910672', '263610'),
(1265, '910114', '342038'),
(1266, '2301583', '002216'),
(1267, '911260', '281400'),
(1270, '2800102', '342438'),
(1271, '2800109', '261634'),
(1272, '2301585', '161828'),
(1273, '911433', '262810'),
(1274, '911233', '240600'),
(1275, '2301570', '182010'),
(1279, '911223', '042208'),
(1281, '910053', '103218');

-- --------------------------------------------------------

--
-- Estructura de tabla para la tabla `caulas`
--

CREATE TABLE `caulas` (
  `id` varchar(10) NOT NULL,
  `nombre` varchar(100) NOT NULL
) ENGINE=InnoDB DEFAULT CHARSET=latin1;

--
-- Volcado de datos para la tabla `caulas`
--

INSERT INTO `caulas` (`id`, `nombre`) VALUES
('1', 'Aulas I y II'),
('2', 'Aulas II y III'),
('3', 'Aulas III y IV'),
('5', 'Aulas V'),
('6', 'Aulas VI'),
('I', 'Edificio de Ingenierias'),
('M', 'Edificio de Medicina'),
('S', 'Santa Anita');

-- --------------------------------------------------------

--
-- Estructura de tabla para la tabla `ccliente`
--

CREATE TABLE `ccliente` (
  `folio` bigint(10) NOT NULL,
  `nombre` varchar(250) COLLATE utf8_unicode_ci DEFAULT NULL,
  `email` varchar(250) COLLATE utf8_unicode_ci DEFAULT NULL,
  `ctipocliente_folio` int(10) DEFAULT NULL,
  `cnivel_folio` int(11) NOT NULL DEFAULT '0',
  `apellido` varchar(250) COLLATE utf8_unicode_ci DEFAULT NULL,
  `tel` varchar(250) COLLATE utf8_unicode_ci DEFAULT NULL,
  `cel` varchar(250) COLLATE utf8_unicode_ci DEFAULT NULL,
  `token` varchar(250) COLLATE utf8_unicode_ci DEFAULT NULL,
  `sta` varchar(1) COLLATE utf8_unicode_ci DEFAULT NULL,
  `pw` varchar(50) COLLATE utf8_unicode_ci DEFAULT NULL,
  `tipo_registro` varchar(2) COLLATE utf8_unicode_ci DEFAULT NULL,
  `fe_alta` date DEFAULT NULL,
  `hr_alta` varchar(5) COLLATE utf8_unicode_ci DEFAULT NULL,
  `face_id` varchar(250) COLLATE utf8_unicode_ci DEFAULT NULL,
  `image_url` varchar(350) COLLATE utf8_unicode_ci DEFAULT NULL,
  `gender` varchar(250) COLLATE utf8_unicode_ci DEFAULT NULL,
  `pais` varchar(250) COLLATE utf8_unicode_ci DEFAULT NULL,
  `fecha_nacimiento` varchar(10) COLLATE utf8_unicode_ci NOT NULL
) ENGINE=MyISAM DEFAULT CHARSET=utf8 COLLATE=utf8_unicode_ci;

--
-- Volcado de datos para la tabla `ccliente`
--

INSERT INTO `ccliente` (`folio`, `nombre`, `email`, `ctipocliente_folio`, `cnivel_folio`, `apellido`, `tel`, `cel`, `token`, `sta`, `pw`, `tipo_registro`, `fe_alta`, `hr_alta`, `face_id`, `image_url`, `gender`, `pais`, `fecha_nacimiento`) VALUES
(58, 'Luis', 'dieg7894343422@gmail.com', 1, 0, 'Ochoa', '123', '', '', '1', '', 'FB', '2017-09-12', '12:39', '232674347834', 'http://api.gloobrs.com/profiles/users/Default-IMG1.jfif', 'Masculino', 'Mexico', ''),
(60, 'Luis', 'ochoaluis_cepi@hotmail.com', 1, 0, '', '3321618060', '', '45145', '1', 'YWRtaW4=', 'FB', '2017-09-21', '15:37', '123456789', 'https://www.google.com.mx/url?sa=i&rct=j&q=&esrc=s&source=images&cd=&cad=rja&uact=8&ved=0ahUKEwih9JDgkLfWAhVOwGMKHX0ZAVAQjRwIBw&url=http%3A%2F%2Fwww.heardcountyrecreationdepartment.com%2Fk%2Ffoto&psig=AFQjCNEJSp2_quc9yd_W5UubfpUc_abQMg&ust=1506112585118834', 'Masculino', NULL, ''),
(59, 'Hugo  ', 'hugolopz-@hotmail.com', 1, 1, 'Lopez', '3313609196', '', 'EAAbx7fFZCAuYBAAtAiy6hTRx1Uyx4e1felD5n3OLbNeSAL7mbeZAYqpSSztkNjEjh8tstgLJMHCcZA7BbGiSIZCFuNJpnYyZCxv8qDBpjDJZAj6LzZBysbU7nOl33w6IZB4aKxy9EaWq7Oob5DLRJOUacQZAl77a8zUjesU0ZA4av0KW4Q5HsdaPidKFuhSKcs39ffZAyu7uAwy6f14jSQz6ZBtSZAzGnJcUlOSanPCbGB9gh8wZDZD', '1', '', 'FB', '2017-09-12', '15:30', '10210319583649145', 'http://api.gloobrs.com/profiles/users/Default-IMG1.jfif', 'male', 'Cancún ', '09/11/1991'),
(64, 'Cesar', 'hugoclopez.91@gmail.com', 1, 0, 'Casillas', '3312420622', '', '', '1', 'Y1hkbGNuUjU=', 'EM', '2017-10-15', '14:47', '', 'http://api.gloobrs.com/profiles/users/MjU1Z2dhOGR2aGdibmdsNA==_detail_thumb.jpg', NULL, 'Guadalajara ', '09/10/91'),
(61, 'testing', 'cpi_117@hotmail', 1, 0, 'testing', '123876', '222', '222', '1', 'dGVzdA==', '1', NULL, NULL, '1111', 'http://api.gloobrs.com/profiles/users/bnl1eXM3Z241cWZyY3dhbQ==_detail_thumb.jpg', 'M', 'micountr', 'hoy'),
(85, 'luis', 'ochoaluis890123@hotmail.com', 1, 0, 'ochoa', '20012564537', '12454545337', '', '1', 'YWRtaW4=', 'EM', '2017-10-16', '10:05', '', 'http://api.gloobrs.com/profiles/users/Default-IMG1.jfifDefault-IMG1.jfif', 'Masculino', NULL, ''),
(87, 'Pedro Pablo', 'pedrorm19@gmail.com', 1, 0, 'Romero Martinez', '9982056404', '', '', '1', 'MTFub3YxOTk3', 'EM', '2017-10-27', '11:45', '', 'http://api.gloobrs.com/profiles/users/eXdoN3F5Y2UxZzRlcTJ3dw==_detail_thumb.jpg', NULL, 'Cancun', '11-11-1997'),
(86, '', 'ochoa_cei@hotmail.com', 1, 0, '', '', '', '', '1', 'YWRtaW4=', 'EM', '2017-10-22', '21:14', '', 'http://api.gloobrs.com/profiles/users/Default-IMG1.jfifDefault-IMG1.jfif', NULL, NULL, ''),
(88, '', 'xdxdxdx.lanc@gmail.com', 1, 0, '', '', '', '', '1', 'ZUdSNFpBPT0=', 'EM', '2017-10-30', '14:13', '', 'http://api.gloobrs.com/profiles/users/Default-IMG1.jfifDefault-IMG1.jfif', NULL, NULL, ''),
(89, '', 'skshsksjs@gmail.com', 1, 0, '', '', '', '', '1', 'YWRtaW4=', 'EM', '2017-10-30', '20:12', '', 'http://api.gloobrs.com/profiles/users/ZzMycTFoODlvanExaXQ5Zw==_detail_thumb.jpg', NULL, NULL, ''),
(90, '', 'perdrorm19@gmail.com', 1, 0, '', '', '', '', '1', 'YWRtaW4=', 'EM', '2017-10-31', '07:00', '', 'http://api.gloobrs.com/profiles/users/Default-IMG1.jfifDefault-IMG1.jfif', NULL, NULL, ''),
(91, '', 'jonathancastanedag@gmail.com', 1, 0, '', '', '', '', '1', 'YWRtaW4=', 'EM', '2017-10-31', '16:30', '', 'http://api.gloobrs.com/profiles/users/Default-IMG1.jfifDefault-IMG1.jfif', NULL, NULL, ''),
(92, 'Pedro', 'pprm24300@hotmail.com', 1, 0, 'Romero Martinez', '8843291', '', '{AccessToken token:ACCESS_TOKEN_REMOVED permissions:[email, public_profile]}', '1', 'YWRtaW4=', 'FB', '2017-11-01', '20:59', '1839411412752876', 'http://api.gloobrs.com/profiles/users/N3Y3NTBhaDZoempqZ3k4eg==_detail_thumb.jpg', 'male', 'cancun', '11/11/1997'),
(93, '', 'piternet11@gmail.com', 1, 0, '', '', '', '', '1', 'MTFub3YxOTk3', 'EM', '2017-11-05', '12:58', '', 'http://api.gloobrs.com/profiles/users/Default-IMG1.jfifDefault-IMG1.jfif', NULL, NULL, ''),
(94, 'Denisse', 'denissezu03@gmail.com', 1, 0, 'Zuñiga', '', '', 'EAAbx7fFZCAuYBAN1BPVRKTczMn3zPCI2szeaZAxrCZCxvMUlpMAQQCY6gZCjGxY1ZBhZBiuJgXXFCi0hE3zrRtMo2QTDysQuUNGOT6oqWG7hbEg3JYZCTAiWutklLILmvYpVM0Cc65pROTToU5Rb7XkLZAr5iSjsXkjGBT5jTi92b5Y1ZB2PkZBxCe0PdK3peiaLWwGkKZBNFdbwSXWosZB9uQTR9YZCpwoTN27ArDHS0PrSaXx6wZCLv', '1', '', 'FB', '2017-11-07', '13:08', '10155390705319006', 'https://scontent.xx.fbcdn.net/v/t1.0-1/s200x200/16807754_10154612809144006_8428856471253950041_n.jpg?oh=14cd8a6d755f64d2eefe96e8b33c8dfa&oe=5AAE6321', 'female', NULL, ''),
(95, 'Benoite', 'boomerben@yahoo.frr', 1, 0, 'Schoenewaldoo', '9982461775', '', '{AccessToken token:ACCESS_TOKEN_REMOVED permissions:[public_profile, email]}', '1', '', 'FB', '2017-11-07', '15:30', '10155787356419911', 'https://www.facebook.com/app_scoped_user_id/10155787356419911/', 'male', 'Cancún', '14/03/1976'),
(96, 'Elian', 'elianaguilar1980@gmail.com', 1, 0, 'Aguilar', '', '', '{AccessToken token:ACCESS_TOKEN_REMOVED permissions:[email, public_profile]}', '1', '', 'FB', '2017-11-07', '16:27', '907506256065512', 'https://www.facebook.com/app_scoped_user_id/907506256065512/', 'male', NULL, ''),
(97, '', 'conckers19@gmail.com', 1, 0, '', '', '', '', '1', 'KHZlcmRlMTkp', 'EM', '2017-11-07', '16:42', '', 'http://api.gloobrs.com/profiles/users/Default-IMG1.jfifDefault-IMG1.jfif', NULL, NULL, ''),
(98, 'Lizbeth Waydalida', 'rosafresca193@hotmail.com', 1, 0, 'Romero Martinez', '', '', '{AccessToken token:ACCESS_TOKEN_REMOVED permissions:[public_profile, email]}', '1', '', 'FB', '2017-11-09', '10:07', '10213631982490359', 'https://www.facebook.com/app_scoped_user_id/10213631982490359/', 'female', NULL, ''),
(99, '', 'pedrorrm19@gmail.com', 1, 0, '', '', '', '', '1', 'MTFub3YxOTk3', 'EM', '2017-11-13', '04:55', '', 'http://api.gloobrs.com/profiles/users/Default-IMG1.jfifDefault-IMG1.jfif', NULL, NULL, ''),
(100, '', 'joaquin.123@gmail.com', 1, 0, '', '', '', '', '1', 'MTFub3YxOTk3', 'EM', '2017-11-13', '09:19', '', 'http://api.gloobrs.com/profiles/users/Default-IMG1.jfifDefault-IMG1.jfif', NULL, NULL, ''),
(101, '', 'kabutoyamato11@gmail.com', 1, 0, '', '', '', '', '1', 'MTFub3YxOTk3', 'EM', '2017-11-13', '09:23', '', 'http://api.gloobrs.com/profiles/users/Default-IMG1.jfifDefault-IMG1.jfif', NULL, NULL, ''),
(102, '', 'kabutoyamato12@gmail.com', 1, 0, '', '', '', '', '1', 'MTFub3YxOTk3', 'EM', '2017-11-13', '09:25', '', 'http://api.gloobrs.com/profiles/users/Default-IMG1.jfifDefault-IMG1.jfif', NULL, NULL, ''),
(103, '', 'kabutoyamato14@gmail.com', 1, 0, '', '', '', '', '1', 'MTFub3YxOTk3', 'EM', '2017-11-13', '09:29', '', 'http://api.gloobrs.com/profiles/users/Default-IMG1.jfifDefault-IMG1.jfif', NULL, NULL, ''),
(104, 'Benoit', 'boomerben@yahoo.fr', 1, 0, 'Schoenewald', '9982461774', '', '{AccessToken token:ACCESS_TOKEN_REMOVED permissions:[public_profile, email]}', '1', '', 'FB', '2017-11-22', '15:23', '10155787356419911', 'https://www.facebook.com/app_scoped_user_id/10155787356419911/', 'male', 'cancun', '');

-- --------------------------------------------------------

--
-- Estructura de tabla para la tabla `clockers`
--

CREATE TABLE `clockers` (
  `folio` varchar(10) NOT NULL,
  `candado` varchar(30) DEFAULT NULL,
  `matricula` varchar(10) DEFAULT NULL,
  `estatus` int(1) NOT NULL,
  `id_aulas` varchar(11) NOT NULL,
  `id_piso` int(11) NOT NULL,
  `nf` int(3) NOT NULL,
  `identificador` varchar(10) NOT NULL
) ENGINE=InnoDB DEFAULT CHARSET=latin1;

--
-- Volcado de datos para la tabla `clockers`
--

INSERT INTO `clockers` (`folio`, `candado`, `matricula`, `estatus`, `id_aulas`, `id_piso`, `nf`, `identificador`) VALUES
('A1101', '735772', 'L03034363', 3, '1', 1, 1, 'A01'),
('A1102', '735773', 'a01635077', 3, '1', 1, 2, 'A05'),
('A1103', '735774', 'A01227530', 3, '1', 1, 1, 'A09'),
('A1104', '735775', 'a01226059', 3, '1', 1, 2, 'A13'),
('A1105', '735776', 'a01066014', 3, '1', 1, 1, 'A17'),
('A1106', '735777', 'A01114148', 3, '1', 1, 2, 'A21'),
('A1107', '735778', 'A01228941', 3, '1', 1, 1, 'A25'),
('A1108', '735779', 'A00354741', 3, '1', 1, 2, 'A29'),
('A1109', '735780', 'A01229478', 3, '1', 1, 1, 'A02'),
('A1110', '735781', 'A01227381', 3, '1', 1, 1, 'A10'),
('A1111', '735782', 'a01632054', 3, '1', 1, 1, 'A18'),
('A1112', '735783', 'A01228288', 3, '1', 1, 1, 'A26'),
('A1113', '735784', 'A01630333', 3, '1', 1, 1, 'A03'),
('A1114', '735785', 'A01635275', 3, '1', 1, 2, 'A07'),
('A1115', '735786', 'A01227606', 3, '1', 1, 1, 'A11'),
('A1116', '735787', 'L03034363', 3, '1', 1, 2, 'A15'),
('A1117', '735788', 'A01630602', 3, '1', 1, 1, 'A19'),
('A1118', '735789', 'a01229627', 3, '1', 1, 2, 'A23'),
('A1119', '735990', 'A01630602', 3, '1', 1, 1, 'A27'),
('A1120', '735991', 'A01226494', 3, '1', 1, 2, 'A31'),
('A1121', '735992', 'A01228385', 3, '1', 1, 1, 'A04'),
('A1122', '735993', 'A01227650', 3, '1', 1, 1, 'A12'),
('A1123', '735995', 'A01336209', 3, '1', 1, 1, 'A20'),
('A1124', '735996', 'A01631721', 3, '1', 1, 1, 'A28'),
('A2101', '735998', 'a01226796 ', 3, '2', 1, 1, '101'),
('A2102', '735999', 'A01228811', 3, '2', 1, 2, '105'),
('A2103', '736000', 'a01229216', 3, '2', 1, 1, '109'),
('A2104', '736001', 'a01222449', 3, '2', 1, 2, '113'),
('A2105', '736002', 'a01633078', 3, '2', 1, 1, '117'),
('A2106', '736004', 'A01634718', 3, '2', 1, 2, '121'),
('A2107', '736005', 'A01634729', 3, '2', 1, 1, '102'),
('A2108', '736006', 'l01203687', 3, '2', 1, 1, '110'),
('A2109', '736007', 'a01228562', 3, '2', 1, 1, '118'),
('A2110', '736008', 'A01632722', 3, '2', 1, 1, '103'),
('A2111', '736009', 'a01226425', 3, '2', 1, 2, '107'),
('A2112', '736010', 'A01632758', 3, '2', 1, 1, '111'),
('A2113', '736013', 'A01632717', 3, '2', 1, 2, '115'),
('A2114', '736015', 'a01228175', 3, '2', 1, 1, '119'),
('A2115', '736017', 'A01631343', 3, '2', 1, 2, '123'),
('A2116', '736019', 'A01631714', 3, '2', 1, 1, '104'),
('A2117', '736020', 'a01225011', 3, '2', 1, 1, '112'),
('A2118', '736021', 'A01363997', 3, '2', 1, 1, '120'),
('A2201', '736022', 'A01228572', 3, '2', 2, 1, '201'),
('A2202', '736023', 'A01226155', 3, '2', 2, 1, '205'),
('A2203', '736024', 'a01634681', 3, '2', 2, 1, '209'),
('A2204', '736025', 'A01632371', 3, '2', 2, 1, '201'),
('A2205', '736026', 'A01633919', 3, '2', 2, 1, '217'),
('A2206', '736027', 'a01633177', 3, '2', 2, 1, '221'),
('A2207', '736028', 'A01209961', 3, '2', 2, 1, '225'),
('A2208', '736029', 'A01633900', 3, '2', 2, 1, '229'),
('A2209', '736030', 'A01227678', 3, '2', 2, 1, '233'),
('A2210', '736031', 'L03034363', 3, '2', 2, 1, '202'),
('A2211', '736032', 'A01227744', 3, '2', 2, 1, '206'),
('A2212', '736033', 'A01229274', 3, '2', 2, 1, '210'),
('A2213', '736034', 'A01228159', 3, '2', 2, 1, '214'),
('A2214', '736035', 'a01634400', 3, '2', 2, 1, '218'),
('A2215', '736036', 'A01229730', 3, '2', 2, 1, '222'),
('A2216', '736037', 'A01634947 ', 3, '2', 2, 1, '226'),
('A2217', '736038', 'A01634762', 3, '2', 2, 1, '230'),
('A2218', '736039', 'a01273858', 3, '2', 2, 1, '234'),
('A2219', '736040', 'A00344392', 3, '2', 2, 1, '203'),
('A2220', '736041', 'A01227694', 3, '2', 2, 1, '207'),
('A2221', '736042', 'A01228794', 3, '2', 2, 1, '211'),
('A2222', '736044', 'A01224490', 3, '2', 2, 1, '215'),
('A2223', '736045', 'A01228585', 3, '2', 2, 1, '219'),
('A2224', '763435', 'A01228025', 3, '2', 2, 1, '223'),
('A2225', '763455', 'A01633926', 3, '2', 2, 1, '227'),
('A2226', '763456', 'A01631825', 3, '2', 2, 1, '231'),
('A2227', '763439', 'a01634414', 3, '2', 2, 1, '235'),
('A2228', '763417', 'A01232470', 3, '2', 2, 1, '204'),
('A2229', '763459', 'A01635067', 3, '2', 2, 1, '208'),
('A2230', '763397', 'A01229489', 3, '2', 2, 1, '212'),
('A2231', '763415', 'A00960233', 3, '2', 2, 1, '216'),
('A2232', '763418', 'A01203967', 3, '2', 2, 1, '220'),
('A2233', '763438', 'a01632042', 3, '2', 2, 1, '224'),
('A2234', '763398', 'A01635151', 3, '2', 2, 1, '228'),
('A2235', '763396', 'a01630206', 3, '2', 2, 1, '232'),
('A2236', '763399', 'A01250704', 3, '2', 2, 1, '236'),
('A2301', '763457', '3034363', 3, '2', 3, 1, '301'),
('A2302', '743458', 'A01633675', 3, '2', 3, 1, '305'),
('A2303', '763416', 'A01635112', 3, '2', 3, 1, '309'),
('A2304', '763395', 'a01633453', 3, '2', 3, 1, '313'),
('A2305', '763430', 'L03034363', 3, '2', 3, 1, '317'),
('A2306', '763452', 'a01229581', 3, '2', 3, 1, '312'),
('A2307', '763393', 'a01636172', 3, '2', 3, 1, '302'),
('A2308', '763473', 'A01634027', 3, '2', 3, 1, '306'),
('A2309', '763478', 'L03034363', 3, '2', 3, 1, '310'),
('A2310', '763479', 'A01630227', 3, '2', 3, 1, '314'),
('A2311', '763391', 'A01227069', 3, '2', 3, 1, '318'),
('A2312', '763394', 'L03034363', 3, '2', 3, 1, '322'),
('A2313', '763476', 'A01630589', 3, '2', 3, 1, '303'),
('A2314', '763472', 'a01632956', 3, '2', 3, 1, '307'),
('A2315', '763392', 'A01635227', 3, '2', 3, 1, '311'),
('A2316', '763432', 'A01634381', 3, '2', 3, 1, '315'),
('A2317', '763451', 'A01229630', 3, '2', 3, 1, '319'),
('A2318', '763437', 'A01229269', 3, '2', 3, 1, '323'),
('A2319', '763450', NULL, 1, '2', 3, 1, '304'),
('A2320', '763477', '', 1, '2', 3, 1, '308'),
('A2321', '763436', 'A01228347', 3, '2', 3, 1, '312'),
('A2322', '763390', NULL, 1, '2', 3, 1, '316'),
('A2323', '763471', NULL, 1, '2', 3, 1, '320'),
('A2324', '763474', 'A01631927', 3, '2', 3, 1, '324'),
('A2401', '300404', 'L03034363', 3, '2', 4, 1, 'J01'),
('A2402', '300405', 'a01225954', 3, '2', 4, 2, 'J05'),
('A2403', '300406', 'a00569311', 3, '2', 4, 1, 'J09'),
('A2404', '300407', 'A01632962', 3, '2', 4, 2, 'J13'),
('A2405', '300408', 'a01633045', 3, '2', 4, 1, 'J17'),
('A2406', '300409', 'A01630336', 3, '2', 4, 2, 'J21'),
('A2407', '300410', 'a01225057', 3, '2', 4, 1, 'J25'),
('A2408', '300411', 'A01634022', 3, '2', 4, 2, 'J29'),
('A2409', '300412', 'L03034363', 3, '2', 4, 1, 'J33'),
('A2410', '300413', 'A01229781', 3, '2', 4, 2, 'J37'),
('A2411', '300414', NULL, 1, '2', 4, 1, 'J41'),
('A2412', '300415', 'L03034363', 3, '2', 4, 2, 'J45'),
('A2413', '300416', 'A01229595', 3, '2', 4, 1, 'J02'),
('A2414', '300417', 'A01631925', 3, '2', 4, 1, 'J10'),
('A2415', '300418', 'A01229503@', 3, '2', 4, 1, 'J18'),
('A2416', '300419', 'L03034363', 3, '2', 4, 1, 'J26'),
('A2417', '300420', 'A01221582', 3, '2', 4, 1, 'J34'),
('A2418', '300421', 'A01229658', 3, '2', 4, 1, 'J42'),
('A2419', '300422', NULL, 1, '2', 4, 1, 'J03'),
('A2420', '300423', 'A01632888', 3, '2', 4, 2, 'J07'),
('A2421', '300424', 'A01229270', 3, '2', 4, 1, 'J11'),
('A2422', '300425', 'A00344480', 3, '2', 4, 2, 'J15'),
('A2423', '300426', 'A01251638', 3, '2', 4, 1, 'J19'),
('A2424', '300427', 'a01226277', 3, '2', 4, 2, 'J23'),
('A2425', '300428', NULL, 1, '2', 4, 1, 'J27'),
('A2426', '300429', 'A01633860', 3, '2', 4, 2, 'J31'),
('A2427', '300430', NULL, 1, '2', 4, 1, 'J35'),
('A2428', '300431', 'A01228270', 3, '2', 4, 2, 'J39'),
('A2429', '300432', NULL, 1, '2', 4, 1, 'J43'),
('A2430', '300433', 'A01635164', 3, '2', 4, 2, 'J47'),
('A2431', '300434', 'A01250527', 3, '2', 4, 1, 'J04'),
('A2432', '300435', NULL, 1, '2', 4, 1, 'J12'),
('A2433', '300436', NULL, 1, '2', 4, 1, 'J20'),
('A2434', '300437', NULL, 1, '2', 4, 1, 'J28'),
('A2435', '300438', NULL, 1, '2', 4, 1, 'J36'),
('A2436', '300439', NULL, 1, '2', 4, 1, 'J44'),
('A3101', '300440', 'L03034363', 3, '3', 1, 1, 'H01'),
('A3102', '300441', 'A01228508', 3, '3', 1, 2, 'H05'),
('A3103', '300442', 'A01632300', 3, '3', 1, 1, 'H09'),
('A3104', '300443', 'a01676818', 3, '3', 1, 2, 'H13'),
('A3105', '300444', 'A01364800', 3, '3', 1, 1, 'H17'),
('A3106', '300445', 'a01228156', 3, '3', 1, 2, 'H21'),
('A3107', '300446', 'L03034363', 3, '3', 1, 1, 'H25'),
('A3108', '300447', 'a00369996', 3, '3', 1, 2, 'H29'),
('A3109', '300448', 'A01634353', 3, '3', 1, 1, 'H33'),
('A3110', '300449', 'A01227156', 3, '3', 1, 2, 'H37'),
('A3111', '300450', 'A01229369', 3, '3', 1, 1, 'H41'),
('A3112', '300451', 'A01227501', 3, '3', 1, 1, 'H45'),
('A3113', '300452', 'A01227666', 3, '3', 1, 1, 'H02'),
('A3114', '300453', 'a01229717', 3, '3', 1, 1, 'H10'),
('A3115', '300454', 'A01228154', 3, '3', 1, 1, 'H18'),
('A3116', '300455', 'A01228143', 3, '3', 1, 1, 'H26'),
('A3117', '300456', 'A00344396', 3, '3', 1, 1, 'H34'),
('A3118', '300457', 'A01209555', 3, '3', 1, 1, 'H42'),
('A3119', '300458', 'A01631884', 3, '3', 1, 1, 'H46'),
('A3120', '300459', 'A01229622', 3, '3', 1, 1, 'H03'),
('A3121', '300460', 'a0228137', 3, '3', 1, 2, 'H07'),
('A3122', '300461', 'A01225927', 3, '3', 1, 1, 'H11'),
('A3123', '300462', 'A01223569', 3, '3', 1, 2, 'H15'),
('A3124', '300463', 'A01227869', 3, '3', 1, 1, 'H19'),
('A3125', '300464', 'a01630805', 3, '3', 1, 2, 'H23'),
('A3126', '300465', 'A01209230', 3, '3', 1, 1, 'H27'),
('A3127', '300466', 'A01631651', 3, '3', 1, 2, 'H31'),
('A3128', '300468', 'A01633030', 3, '3', 1, 1, 'H35'),
('A3129', '300469', 'A01634002', 3, '3', 1, 2, 'H39'),
('A3130', '300470', 'A01630182', 3, '3', 1, 1, 'H43'),
('A3131', '300471', 'a01630321', 3, '3', 1, 1, 'H47'),
('A3132', '300472', 'A01634502', 3, '3', 1, 1, 'H04'),
('A3133', '300473', 'A01227994', 3, '3', 1, 1, 'H12'),
('A3134', '300474', 'a01228153', 3, '3', 1, 1, 'H20'),
('A3135', '300475', 'A01630441', 3, '3', 1, 1, 'H28'),
('A3136', '300476', 'A01630120', 3, '3', 1, 1, 'H36'),
('A3137', '300477', 'A01228853', 3, '3', 1, 1, 'H44'),
('A3138', '300478', 'A01631385', 3, '3', 1, 1, 'H48'),
('A3201', '300479', 'L03034363', 3, '3', 2, 1, 'K01'),
('A3202', '300480', 'a01228108', 3, '3', 2, 1, 'K05'),
('A3203', '300481', 'a01228591', 3, '3', 2, 1, 'K09'),
('A3204', '300482', 'a01324727', 3, '3', 2, 1, 'K13'),
('A3205', '300483', 'L03034363', 3, '3', 2, 1, 'K17'),
('A3206', '300484', NULL, 1, '3', 2, 1, 'K21'),
('A3207', '300485', NULL, 1, '3', 2, 1, 'K25'),
('A3208', '300486', 'a01229579', 3, '3', 2, 1, 'K29'),
('A3209', '300487', 'L03034363', 3, '3', 2, 1, 'K33'),
('A3210', '300488', 'A01228003', 3, '3', 2, 1, 'K02'),
('A3211', '300489', 'a01221199', 3, '3', 2, 1, 'K06'),
('A3212', '300490', 'L03034363', 3, '3', 2, 1, 'K10'),
('A3213', '300491', 'A01229522', 3, '3', 2, 1, 'K14'),
('A3214', '300492', 'A01209723', 3, '3', 2, 1, 'K18'),
('A3215', '300493', 'A01422420', 3, '3', 2, 1, 'K22'),
('A3216', '300494', 'L03034363', 3, '3', 2, 1, 'K26'),
('A3217', '300495', 'A01023292', 3, '3', 2, 1, 'K30'),
('A3218', '300496', 'A01633662', 3, '3', 2, 1, 'K34'),
('A3219', '300497', 'A01227700', 3, '3', 2, 1, 'K03'),
('A3220', '300498', 'A01223158', 3, '3', 2, 1, 'K07'),
('A3221', '300499', 'a01634675', 3, '3', 2, 1, 'K11'),
('A3222', '300500', 'A01114185', 3, '3', 2, 1, 'K15'),
('A3223', '300501', 'A01634337', 3, '3', 2, 1, 'K19'),
('A3224', '300502', NULL, 1, '3', 2, 1, 'K23'),
('A3225', '300503', NULL, 1, '3', 2, 1, 'K27'),
('A3226', '300504', NULL, 1, '3', 2, 1, 'K31'),
('A3227', '300505', NULL, 1, '3', 2, 1, 'K35'),
('A3228', '300506', NULL, 1, '3', 2, 1, 'K04'),
('A3229', '300507', NULL, 1, '3', 2, 1, 'K08'),
('A3230', '300508', NULL, 1, '3', 2, 1, 'K12'),
('A3231', '300509', NULL, 1, '3', 2, 1, 'K16'),
('A3232', '300510', NULL, 1, '3', 2, 1, 'K20'),
('A3233', '300511', NULL, 1, '3', 2, 1, 'K24'),
('A3234', '300512', NULL, 1, '3', 2, 1, 'K28'),
('A3235', '300513', NULL, 1, '3', 2, 1, 'K32'),
('A3236', '300514', NULL, 1, '3', 2, 1, 'K36'),
('A5101', '300515', 'L03034363', 3, '5', 1, 1, '5101'),
('A5102', '300516', 'A01632172', 3, '5', 1, 1, '5105'),
('A5103', '300517', 'a01252047', 3, '5', 1, 1, '5109'),
('A5104', '300518', 'A01634807', 3, '5', 1, 1, '5113'),
('A5105', '300519', 'L03034363', 3, '5', 1, 1, '5117'),
('A5106', '300520', 'a01634986', 3, '5', 1, 1, '5121'),
('A5107', '300521', 'A01634106', 3, '5', 1, 1, '5125'),
('A5108', '300522', 'A01634087', 3, '5', 1, 1, '5129'),
('A5109', '300523', 'L03034363', 3, '5', 1, 1, '5133'),
('A5110', '300524', 'A01632535', 3, '5', 1, 1, '5137'),
('A5111', '300525', 'A01632611', 3, '5', 1, 1, '5141'),
('A5112', '300526', '', 1, '5', 1, 1, '5145'),
('A5113', '300527', 'L03034363', 3, '5', 1, 1, '5149'),
('A5114', '300528', '', 1, '5', 1, 1, '5153'),
('A5115', '300529', 'A01634075', 3, '5', 1, 1, '5157'),
('A5116', '300530', 'A01632852', 3, '5', 1, 1, '5161'),
('A5117', '300531', 'L03034363', 3, '5', 1, 1, '5165'),
('A5118', '300532', 'A01632567', 3, '5', 1, 1, '5169'),
('A5119', '300533', 'A01632600', 3, '5', 1, 1, '5173'),
('A5120', '300534', 'A01634793', 3, '5', 1, 1, '5177'),
('A5121', '300535', 'L03034363', 3, '5', 1, 1, '5181'),
('A5122', '300536', 'A01632645', 3, '5', 1, 1, '5185'),
('A5123', '300537', 'A01632539', 3, '5', 1, 1, '5189'),
('A5124', '300538', 'A01632523', 3, '5', 1, 1, '5102'),
('A5125', '300539', 'A01632464', 3, '5', 1, 1, '5106'),
('A5126', '300540', 'a016327924', 3, '5', 1, 1, '5110'),
('A5127', '300541', 'A01633562', 3, '5', 1, 1, '5114'),
('A5128', '300542', 'A01632476', 3, '5', 1, 1, '5118'),
('A5129', '300543', 'A01633796', 3, '5', 1, 1, '5122'),
('A5130', '300544', 'L03034363', 3, '5', 1, 1, '5126'),
('A5131', '300545', 'A01633699', 3, '5', 1, 1, '5130'),
('A5132', '300546', 'A01633724', 3, '5', 1, 1, '5134'),
('A5133', '300547', 'A01633723', 3, '5', 1, 1, '5138'),
('A5134', '300548', 'L03034363', 3, '5', 1, 1, '5142'),
('A5135', '300549', 'A01634774', 3, '5', 1, 1, '5146'),
('A5136', '300550', 'A01634231', 3, '5', 1, 1, '5150'),
('A5137', '300551', 'a01634273', 3, '5', 1, 1, '5154'),
('A5138', '300552', 'L03034363', 3, '5', 1, 1, '5158'),
('A5139', '300553', 'A01632499', 3, '5', 1, 1, '5162'),
('A5140', '300554', 'A01632456', 3, '5', 1, 1, '5166'),
('A5141', '300555', 'A01632610', 3, '5', 1, 1, '5170'),
('A5142', '300556', 'L03034363', 3, '5', 1, 1, '5174'),
('A5143', '300557', 'A01634580', 3, '5', 1, 1, '5178'),
('A5144', '300558', 'A01632556', 3, '5', 1, 1, '5182'),
('A5145', '300559', 'A01632643', 3, '5', 1, 1, '5186'),
('A5146', '300560', 'L03034363', 3, '5', 1, 1, '5190'),
('A5147', '300561', 'A01634220', 3, '5', 1, 1, '5103'),
('A5148', '300562', 'A01633297', 3, '5', 1, 1, '5107'),
('A5149', '300563', 'a00344572', 3, '5', 1, 1, '5111'),
('A5150', '300564', 'A01635134', 3, '5', 1, 1, '5115'),
('A5151', '300565', 'A01634633', 3, '5', 1, 1, '5119'),
('A5152', '300566', '', 1, '5', 1, 1, '5123'),
('A5153', '300567', 'A01632190', 3, '5', 1, 1, '5127'),
('A5154', '300568', NULL, 1, '5', 1, 1, '5131'),
('A5155', '300569', NULL, 1, '5', 1, 1, '5135'),
('A5156', '300570', NULL, 1, '5', 1, 1, '5139'),
('A5157', '300571', 'A01634526', 3, '5', 1, 1, '5143'),
('A5158', '300572', '', 1, '5', 1, 1, '5147'),
('A5159', '300573', NULL, 1, '5', 1, 1, '5151'),
('A5160', '300574', 'A01383282', 3, '5', 1, 1, '5155'),
('A5161', '300575', NULL, 1, '5', 1, 1, '5159'),
('A5162', '300576', NULL, 1, '5', 1, 1, '5163'),
('A5163', '300577', '', 1, '5', 1, 1, '5167'),
('A5164', '300578', NULL, 1, '5', 1, 1, '5171'),
('A5165', '300579', '', 1, '5', 1, 1, '5175'),
('A5166', '300580', NULL, 1, '5', 1, 1, '5179'),
('A5167', '300581', NULL, 1, '5', 1, 1, '5183'),
('A5168', '300582', NULL, 1, '5', 1, 1, '5187'),
('A5169', '300583', 'a01634288', 3, '5', 1, 1, '5191'),
('A5170', '300584', NULL, 1, '5', 1, 1, '5104'),
('A5171', '300585', NULL, 1, '5', 1, 1, '5108'),
('A5172', '300586', NULL, 1, '5', 1, 1, '5112'),
('A5173', '300587', NULL, 1, '5', 1, 1, '5116'),
('A5174', '300588', NULL, 1, '5', 1, 1, '5120'),
('A5175', '300589', NULL, 1, '5', 1, 1, '5124'),
('A5176', '300590', NULL, 1, '5', 1, 1, '5128'),
('A5177', '300591', NULL, 1, '5', 1, 1, '5132'),
('A5178', '300592', '', 1, '5', 1, 1, '5136'),
('A5179', '300593', NULL, 1, '5', 1, 1, '5140'),
('A5180', '300594', NULL, 1, '5', 1, 1, '5144'),
('A5181', '300595', '', 1, '5', 1, 1, '5148'),
('A5182', '300596', NULL, 1, '5', 1, 1, '5152'),
('A5183', '300597', NULL, 1, '5', 1, 1, '5156'),
('A5184', '300598', NULL, 1, '5', 1, 1, '5160'),
('A5185', '300599', NULL, 1, '5', 1, 1, '5164'),
('A5186', '300600', NULL, 1, '5', 1, 1, '5168'),
('A5187', '300701', NULL, 1, '5', 1, 1, '5172'),
('A5188', '300702', NULL, 1, '5', 1, 1, '5176'),
('A5189', '300703', 'A01635013', 3, '5', 1, 1, '5180'),
('A5190', '300704', NULL, 1, '5', 1, 1, '5184'),
('A5191', '300705', NULL, 1, '5', 1, 1, '5188'),
('A5192', '300706', NULL, 1, '5', 1, 1, '5192'),
('A5201', '300707', 'L03034363', 3, '5', 2, 1, '5201'),
('A5202', '300708', 'A01634067', 3, '5', 2, 1, '5205'),
('A5203', '300709', 'A01633740', 3, '5', 2, 1, '5209'),
('A5204', '300710', 'A01633814', 3, '5', 2, 1, '5213'),
('A5205', '300711', 'L03034363', 3, '5', 2, 1, '5217'),
('A5206', '300712', 'A01634972', 3, '5', 2, 1, '5221'),
('A5207', '300713', 'a01633704', 3, '5', 2, 1, '5225'),
('A5208', '300714', 'a01633797', 3, '5', 2, 1, '5229'),
('A5209', '300715', 'L03034363', 3, '5', 2, 1, '5233'),
('A5210', '300716', 'a01634651', 3, '5', 2, 1, '5237'),
('A5211', '300717', 'A01633693', 3, '5', 2, 1, '5241'),
('A5212', '300718', 'A01634196', 3, '5', 2, 1, '5245'),
('A5213', '300719', 'L03034363', 3, '5', 2, 1, '5249'),
('A5214', '300720', 'a01635128', 3, '5', 2, 1, '5253'),
('A5215', '300721', 'a01634650', 3, '5', 2, 1, '5257'),
('A5216', '300722', 'a01634274', 3, '5', 2, 1, '5261'),
('A5217', '300723', 'L03034363', 3, '5', 2, 1, '5265'),
('A5218', '300724', 'a01634221', 3, '5', 2, 1, '5269'),
('A5219', '300725', 'A01634271', 3, '5', 2, 1, '5273'),
('A5220', '300726', 'A01634076', 3, '5', 2, 1, '5277'),
('A5221', '300727', 'L03034363', 3, '5', 2, 1, '5281'),
('A5222', '300728', 'A01634976', 3, '5', 2, 1, '5285'),
('A5223', '300729', 'A01634090', 3, '5', 2, 1, '5202'),
('A5224', '300730', 'a01635238', 3, '5', 2, 1, '5206'),
('A5225', '300731', 'L03034363', 3, '5', 2, 1, '5210'),
('A5226', '300732', 'A01634207', 3, '5', 2, 1, '5214'),
('A5227', '300733', 'A01634577', 3, '5', 2, 1, '5218'),
('A5228', '300734', 'A01633806', 3, '5', 2, 1, '5222'),
('A5229', '300735', 'L03034363', 3, '5', 2, 1, '5226'),
('A5230', '300736', 'a01634082', 3, '5', 2, 1, '5230'),
('A5231', '300737', 'A01634786', 3, '5', 2, 1, '5234'),
('A5232', '300738', 'A01636087', 3, '5', 2, 1, '5238'),
('A5233', '300739', 'L03034363', 3, '5', 2, 1, '5242'),
('A5234', '300740', 'a01635234', 3, '5', 2, 1, '5246'),
('A5235', '300741', 'A01633817', 3, '5', 2, 1, '5250'),
('A5236', '300743', 'a01635339', 3, '5', 2, 1, '5254'),
('A5237', '300744', 'a01633714', 3, '5', 2, 1, '5258'),
('A5238', '300745', 'a01634053', 3, '5', 2, 1, '5262'),
('A5239', '300746', 'A01634269', 3, '5', 2, 1, '5266'),
('A5240', '300747', 'A01633809', 3, '5', 2, 1, '5270'),
('A5241', '300748', 'L03034363', 3, '5', 2, 1, '5274'),
('A5242', '300749', 'A01634261', 3, '5', 2, 1, '5278'),
('A5243', '300750', 'A01634569', 3, '5', 2, 1, '5282'),
('A5244', '300751', 'A01634815', 3, '5', 2, 1, '5286'),
('A5245', '300752', 'a01634788', 3, '5', 2, 1, '5203'),
('A5246', '300753', 'A01634055', 3, '5', 2, 1, '5207'),
('A5247', '300754', 'A01634270', 3, '5', 2, 1, '5211'),
('A5248', '300755', 'A01633752', 3, '5', 2, 1, '5215'),
('A5249', '300756', 'A01635316', 3, '5', 2, 1, '5219'),
('A5250', '300757', 'A01634214', 3, '5', 2, 1, '5223'),
('A5251', '300758', 'A01633857', 3, '5', 2, 1, '5227'),
('A5252', '300759', 'A01635009', 3, '5', 2, 1, '5231'),
('A5253', '300760', 'A01635179', 3, '5', 2, 1, '5235'),
('A5254', '300761', 'A01634967', 3, '5', 2, 1, '5239'),
('A5255', '300762', 'A01634516', 3, '5', 2, 1, '5243'),
('A5256', '300763', 'A01633710', 3, '5', 2, 1, '5247'),
('A5257', '300764', 'a01634993', 3, '5', 2, 1, '5251'),
('A5258', '300765', 'a01634116', 3, '5', 2, 1, '5255'),
('A5259', '300766', 'A01634647', 3, '5', 2, 1, '5259'),
('A5260', '300767', NULL, 1, '5', 2, 1, '5263'),
('A5261', '300768', NULL, 1, '5', 2, 1, '5267'),
('A5262', '300769', NULL, 1, '5', 2, 1, '5271'),
('A5263', '300770', NULL, 1, '5', 2, 1, '5275'),
('A5264', '300771', NULL, 1, '5', 2, 1, '5279'),
('A5265', '300772', NULL, 1, '5', 2, 1, '5283'),
('A5266', '300773', NULL, 1, '5', 2, 1, '5287'),
('A5267', '300774', 'A01745936', 3, '5', 2, 1, '5204'),
('A5268', '300775', NULL, 1, '5', 2, 1, '5208'),
('A5269', '300776', NULL, 1, '5', 2, 1, '5212'),
('A5270', '300777', NULL, 1, '5', 2, 1, '5216'),
('A5271', '300778', NULL, 1, '5', 2, 1, '5220'),
('A5272', '300779', NULL, 1, '5', 2, 1, '5224'),
('A5273', '300780', NULL, 1, '5', 2, 1, '5228'),
('A5274', '300781', NULL, 1, '5', 2, 1, '5232'),
('A5275', '300782', NULL, 1, '5', 2, 1, '5236'),
('A5276', '300783', NULL, 1, '5', 2, 1, '5240'),
('A5277', '300784', 'A01634516', 3, '5', 2, 1, '5244'),
('A5278', '300785', NULL, 1, '5', 2, 1, '5248'),
('A5279', '300786', NULL, 1, '5', 2, 1, '5252'),
('A5280', '300787', NULL, 1, '5', 2, 1, '5256'),
('A5281', '300788', NULL, 1, '5', 2, 1, '5260'),
('A5282', '300789', NULL, 1, '5', 2, 1, '5264'),
('A5283', '300790', NULL, 1, '5', 2, 1, '5268'),
('A5284', '300791', NULL, 1, '5', 2, 1, '5272'),
('A5285', '300792', NULL, 1, '5', 2, 1, '5276'),
('A5286', '300793', NULL, 1, '5', 2, 1, '5280'),
('A5287', '300794', NULL, 1, '5', 2, 1, '5284'),
('A5288', '300795', NULL, 1, '5', 2, 1, '5288'),
('A5301', '300796', 'a01633856', 3, '5', 3, 1, '5301'),
('A5302', '300797', 'A01634098', 3, '5', 3, 1, '5305'),
('A5303', '300798', 'A01634236', 3, '5', 3, 1, '5309'),
('A5304', '300799', 'A01275123', 3, '5', 3, 1, '5313'),
('A5305', '300800', 'A01634789', 3, '5', 3, 1, '5317'),
('A5306', '300801', 'a01634235', 3, '5', 3, 1, '5321'),
('A5307', '300802', 'a01634587', 3, '5', 3, 1, '5325'),
('A5308', '300803', 'a01634060', 3, '5', 3, 1, '5329'),
('A5309', '300804', 'L03034363', 3, '5', 3, 1, '5333'),
('A5310', '300805', 'A01635261', 3, '5', 3, 1, '5337'),
('A5311', '300806', 'A01635327', 3, '5', 3, 1, '5341'),
('A5312', '300807', 'a01633696', 3, '5', 3, 1, '5345'),
('A5313', '300808', 'A01635133', 3, '5', 3, 1, '5349'),
('A5314', '300809', 'A01633736', 3, '5', 3, 1, '5353'),
('A5315', '300810', 'a01634586', 3, '5', 3, 1, '5357'),
('A5316', '300811', 'A01635019', 3, '5', 3, 1, '5361'),
('A5317', '300812', 'A01635343', 3, '5', 3, 1, '5365'),
('A5318', '300813', 'A01633834', 3, '5', 3, 1, '5369'),
('A5319', '300814', 'a01634803', 3, '5', 3, 1, '5373'),
('A5320', '300815', 'a01633836', 3, '5', 3, 1, '5377'),
('A5321', '300816', 'L03034363', 3, '5', 3, 1, '5381'),
('A5322', '300817', 'A01633700', 3, '5', 3, 1, '5385'),
('A5323', '300818', 'A01633749', 3, '5', 3, 1, '5389'),
('A5324', '300819', 'A01634069', 3, '5', 3, 1, '5302'),
('A5325', '300820', 'a01633824', 3, '5', 3, 1, '5306'),
('A5326', '300821', 'A01633703', 3, '5', 3, 1, '5310'),
('A5327', '300822', 'a01634573', 3, '5', 3, 1, '5314'),
('A5328', '300823', 'a01634209', 3, '5', 3, 1, '5318'),
('A5329', '300824', 'a01634629', 3, '5', 3, 1, '5322'),
('A5330', '300825', 'a01634804', 3, '5', 3, 1, '5326'),
('A5331', '300826', 'a01634092', 3, '5', 3, 1, '5330'),
('A5332', '300827', 'a01634244', 3, '5', 3, 1, '5334'),
('A5333', '300828', 'a01634543', 3, '5', 3, 1, '5338'),
('A5334', '300829', 'L03034363', 3, '5', 3, 1, '5342'),
('A5335', '300830', 'a01634796', 3, '5', 3, 1, '5346'),
('A5336', '300831', 'L03034363', 3, '5', 3, 1, '5350'),
('A5337', '300832', 'A01634117', 3, '5', 3, 1, '5354'),
('A5338', '300833', 'L03034363', 3, '5', 3, 1, '5358'),
('A5339', '300834', 'A01635292', 3, '5', 3, 1, '5362'),
('A5340', '300835', 'A01634990', 3, '5', 3, 1, '5366'),
('A5341', '300836', 'a01633837', 3, '5', 3, 1, '5370'),
('A5342', '300837', 'L03034363', 3, '5', 3, 1, '5374'),
('A5343', '300838', 'A01634119', 3, '5', 3, 1, '5378'),
('A5344', '300839', 'A01634230', 3, '5', 3, 1, '5382'),
('A5345', '300840', 'A01634091', 3, '5', 3, 1, '5386'),
('A5346', '300841', 'L03034363', 3, '5', 3, 1, '5390'),
('A5347', '300842', 'A01634620', 3, '5', 3, 1, '5303'),
('A5348', '300843', 'A01633823', 3, '5', 3, 1, '5307'),
('A5349', '300844', 'A00344648', 3, '5', 3, 1, '5311'),
('A5350', '300845', 'A01634810', 3, '5', 3, 1, '5315'),
('A5351', '300846', 'A01635175', 3, '5', 3, 1, '5319'),
('A5352', '300847', 'A01633831', 3, '5', 3, 1, '5323'),
('A5353', '300848', 'A01635202', 3, '5', 3, 1, '5327'),
('A5354', '300849', 'A01634989', 3, '5', 3, 1, '5331'),
('A5355', '300850', 'A01634100', 3, '5', 3, 1, '5335'),
('A5356', '300851', 'A01634267', 3, '5', 3, 1, '5339'),
('A5357', '300852', 'a01634638', 3, '5', 3, 1, '5343'),
('A5358', '300853', 'A01634085', 3, '5', 3, 1, '5347'),
('A5359', '300854', 'a01620636', 3, '5', 3, 1, '5351'),
('A5360', '300855', 'A01634775', 3, '5', 3, 1, '5355'),
('A5361', '300856', 'A01634243', 3, '5', 3, 1, '5359'),
('A5362', '300857', 'a01634277', 3, '5', 3, 1, '5363'),
('A5363', '300858', 'a01633835', 3, '5', 3, 1, '5367'),
('A5364', '300859', 'A01634632', 3, '5', 3, 1, '5371'),
('A5365', '300860', 'a01634256', 3, '5', 3, 1, '5375'),
('A5366', '300861', 'A01634197', 3, '5', 3, 1, '5379'),
('A5367', '300862', 'A01634200', 3, '5', 3, 1, '5383'),
('A5368', '300863', 'A01635256', 3, '5', 3, 1, '5387'),
('A5369', '300864', 'A01634595', 3, '5', 3, 1, '5391'),
('A5370', '300865', 'a01633698', 3, '5', 3, 1, '5304'),
('A5371', '300866', NULL, 1, '5', 3, 1, '5308'),
('A5372', '300867', 'A00344729', 3, '5', 3, 1, '5312'),
('A5373', '300868', NULL, 1, '5', 3, 1, '5316'),
('A5374', '300869', 'A01636053', 3, '5', 3, 1, '5320'),
('A5375', '300870', 'A01636048', 3, '5', 3, 1, '5324'),
('A5376', '300871', NULL, 1, '5', 3, 1, '5328'),
('A5377', '300872', NULL, 1, '5', 3, 1, '5332'),
('A5378', '300873', NULL, 1, '5', 3, 1, '5336'),
('A5379', '300874', NULL, 1, '5', 3, 1, '5340'),
('A5380', '300875', NULL, 1, '5', 3, 1, '5344'),
('A5381', '300876', NULL, 1, '5', 3, 1, '5348'),
('A5382', '300877', NULL, 1, '5', 3, 1, '5352'),
('A5383', '300878', NULL, 1, '5', 3, 1, '5356'),
('A5384', '300879', NULL, 1, '5', 3, 1, '5360'),
('A5385', '300880', NULL, 1, '5', 3, 1, '5364'),
('A5386', '300881', NULL, 1, '5', 3, 1, '5368'),
('A5387', '300882', NULL, 1, '5', 3, 1, '5372'),
('A5388', '300883', NULL, 1, '5', 3, 1, '5376'),
('A5389', '300884', NULL, 1, '5', 3, 1, '5380'),
('A5390', '300885', NULL, 1, '5', 3, 1, '5384'),
('A5391', '300886', 'A01634189', 3, '5', 3, 1, '5388'),
('A5392', '300887', 'A01634631', 3, '5', 3, 1, '5392'),
('A5401', '300888', 'L03034363', 3, '5', 4, 1, '5401'),
('A5402', '300889', 'A01633702', 3, '5', 4, 1, '5405'),
('A5403', '300890', 'A01633805', 3, '5', 4, 1, '5409'),
('A5404', '300891', 'A01633744', 3, '5', 4, 1, '5413'),
('A5405', '300892', 'A01633358', 3, '5', 4, 1, '5417'),
('A5406', '300893', 'a01634107', 3, '5', 4, 1, '5421'),
('A5407', '300894', 'A01635122', 3, '5', 4, 1, '5425'),
('A5408', '300895', 'l01203687', 3, '5', 4, 1, '5429'),
('A5409', '300896', 'A01634987', 3, '5', 4, 1, '5433'),
('A5410', '300897', 'A01633812', 3, '5', 4, 1, '5437'),
('A5411', '300898', 'l01203687', 3, '5', 4, 1, '5441'),
('A5412', '300899', 'A01634115', 3, '5', 4, 1, '5445'),
('A5413', '300900', 'L03034363', 3, '5', 4, 1, '5449'),
('A5414', '300901', 'a01635017', 3, '5', 4, 1, '5453'),
('A5415', '300902', 'a01634054', 3, '5', 4, 1, '5457'),
('A5416', '300903', 'A01634081', 3, '5', 4, 1, '5461'),
('A5417', '300904', 'L03034363', 3, '5', 4, 1, '5465'),
('A5418', '300905', 'A01634194', 3, '5', 4, 1, '5469'),
('A5419', '300906', 'A01633745', 3, '5', 4, 1, '5473'),
('A5420', '300907', 'A01634290', 3, '5', 4, 1, '5477'),
('A5421', '300908', 'L03034363', 3, '5', 4, 1, '5481'),
('A5422', '300909', 'A01634644', 3, '5', 4, 1, '5485'),
('A5423', '300910', 'A01633719', 3, '5', 4, 1, '5402'),
('A5424', '300911', 'A01634050', 3, '5', 4, 1, '5406'),
('A5425', '300912', 'a01633738', 3, '5', 4, 1, '5410'),
('A5426', '300913', 'A01634792', 3, '5', 4, 1, '5414'),
('A5427', '300914', 'A01634097', 3, '5', 4, 1, '5418'),
('A5428', '300915', 'a01634202', 3, '5', 4, 1, '5422'),
('A5429', '300916', 'a01634234', 3, '5', 4, 1, '5426'),
('A5430', '300917', 'a01634626', 3, '5', 4, 1, '5430'),
('A5431', '300918', 'A01634782', 3, '5', 4, 1, '5434'),
('A5432', '300919', 'A01634777', 3, '5', 4, 1, '5438'),
('A5433', '300920', 'a01634287', 3, '5', 4, 1, '5442'),
('A5434', '300921', 'A01634070', 3, '5', 4, 1, '5446'),
('A5435', '300922', 'A01634787', 3, '5', 4, 1, '5450'),
('A5436', '300923', 'A01634258', 3, '5', 4, 1, '5454'),
('A5437', '300924', 'L03034363', 3, '5', 4, 1, '5458'),
('A5438', '300925', 'A01633730', 3, '5', 4, 1, '5462'),
('A5439', '300926', 'A01633808', 3, '5', 4, 1, '5466'),
('A5440', '300927', 'A01634531', 3, '5', 4, 1, '5470'),
('A5441', '300928', 'L03034363', 3, '5', 4, 1, '5474'),
('A5442', '300929', 'a01634073', 3, '5', 4, 1, '5478'),
('A5443', '300930', 'A01633807', 3, '5', 4, 1, '5482'),
('A5444', '300931', 'A01634553', 3, '5', 4, 1, '5486'),
('A5445', '300932', 'A01635136', 3, '5', 4, 1, '5403'),
('A5446', '300933', 'A01634781', 3, '5', 4, 1, '5407'),
('A5447', '300934', 'A01634218', 3, '5', 4, 1, '5411'),
('A5448', '300935', 'A01634621', 3, '5', 4, 1, '5415'),
('A5449', '300936', 'a01634279', 3, '5', 4, 1, '5419'),
('A5450', '300937', 'A01635197', 3, '5', 4, 1, '5423'),
('A5451', '300938', 'A01634798', 3, '5', 4, 1, '5427'),
('A5452', '300939', 'A01633739', 3, '5', 4, 1, '5431'),
('A5453', '300940', 'A01634104', 3, '5', 4, 1, '5435'),
('A5454', '300941', 'A01634630', 3, '5', 4, 1, '5439'),
('A5455', '300942', 'A01635126', 3, '5', 4, 1, '5443'),
('A5456', '300943', 'a01634108', 3, '5', 4, 1, '5447'),
('A5457', '300944', 'A01284199', 3, '5', 4, 1, '5451'),
('A5458', '300945', 'A01634530', 3, '5', 4, 1, '5455'),
('A5459', '300946', 'A01634547', 3, '5', 4, 1, '5459'),
('A5460', '300947', 'a01634260', 3, '5', 4, 1, '5463'),
('A5461', '300948', 'a01634582', 3, '5', 4, 1, '5467'),
('A5462', '300949', 'A01634806', 3, '5', 4, 1, '5471'),
('A5463', '300950', 'A01635023', 3, '5', 4, 1, '5475'),
('A5464', '300951', 'A01634114', 3, '5', 4, 1, '5479'),
('A5465', '300952', 'A01634105', 3, '5', 4, 1, '5483'),
('A5466', '300953', 'A01634102', 3, '5', 4, 1, '5487'),
('A5467', '300954', 'A01635176', 3, '5', 4, 1, '5404'),
('A5468', '300955', 'a01634246', 3, '5', 4, 1, '5408'),
('A5469', '300956', 'A01635779', 3, '5', 4, 1, '5412'),
('A5470', '300957', 'A01636065', 3, '5', 4, 1, '5416'),
('A5471', '300958', 'a01634286', 3, '5', 4, 1, '5420'),
('A5472', '300959', 'A01634618', 3, '5', 4, 1, '5424'),
('A5473', '300960', 'a01633800', 3, '5', 4, 1, '5428'),
('A5474', '300961', 'A01634625', 3, '5', 4, 1, '5432'),
('A5475', '300962', 'A01634223', 3, '5', 4, 1, '5436'),
('A5476', '300963', 'a01633811', 3, '5', 4, 1, '5440'),
('A5477', '300964', 'a01635235', 3, '5', 4, 1, '5444'),
('A5478', '300965', 'a01633718', 3, '5', 4, 1, '5448'),
('A5479', '300966', 'a01634563', 3, '5', 4, 1, '5454'),
('A5480', '300967', NULL, 1, '5', 4, 1, '5456'),
('A5481', '300968', NULL, 1, '5', 4, 1, '5460'),
('A5482', '300969', '', 1, '5', 4, 1, '5464'),
('A5483', '300970', NULL, 1, '5', 4, 1, '5468'),
('A5484', '300971', 'A01635007', 3, '5', 4, 1, '5472'),
('A5485', '300972', 'A01633818', 3, '5', 4, 1, '5476'),
('A5486', '300973', NULL, 1, '5', 4, 1, '5480'),
('A5487', '300974', NULL, 1, '5', 4, 1, '5484'),
('A5488', '300975', '', 1, '5', 4, 1, '5488'),
('A6101', '707286', 'a01632197', 3, '6', 1, 1, '6101'),
('A6102', '707287', 'A01632997', 3, '6', 1, 1, '6105'),
('A6103', '707288', 'l03034363', 3, '6', 1, 1, '6109'),
('A6104', '707289', 'A01632521', 3, '6', 1, 1, '6113'),
('A6105', '707290', 'L03034363', 3, '6', 1, 1, '6117'),
('A6106', '707291', 'A01274822', 3, '6', 1, 1, '6121'),
('A6107', '707292', 'a01633311', 3, '6', 1, 1, '6125'),
('A6108', '707293', 'A01634978', 3, '6', 1, 1, '6129'),
('A6109', '707294', 'L03034363', 3, '6', 1, 1, '6133'),
('A6110', '707295', 'A01365524', 3, '6', 1, 1, '6137'),
('A6111', '707296', 'A01634219', 3, '6', 1, 1, '6141'),
('A6112', '707297', 'A01633147', 3, '6', 1, 1, '6145'),
('A6113', '707298', 'A01632507', 3, '6', 1, 1, '6102'),
('A6114', '707299', 'A01632858', 3, '6', 1, 1, '6106'),
('A6115', '707300', 'A01631495', 3, '6', 1, 1, '6110'),
('A6116', '707301', 'a01631566', 3, '6', 1, 1, '6114'),
('A6117', '707302', 'L03034363', 3, '6', 1, 1, '6118'),
('A6118', '707303', 'a01633126', 3, '6', 1, 1, '6122'),
('A6119', '707304', 'L03034363', 3, '6', 1, 1, '6126'),
('A6120', '707305', 'A01632637', 3, '6', 1, 1, '6130'),
('A6121', '707306', 'A01632564', 3, '6', 1, 1, '6134'),
('A6122', '707307', 'A01633381', 3, '6', 1, 1, '6138'),
('A6123', '707308', 'A01633479', 3, '6', 1, 1, '6142'),
('A6124', '707309', 'A01632658', 3, '6', 1, 1, '6146'),
('A6125', '707310', 'A01635257', 3, '6', 1, 1, '6103'),
('A6126', '707311', 'A01630738', 3, '6', 1, 1, '6107'),
('A6127', '707312', 'A01632544', 3, '6', 1, 1, '6111'),
('A6128', '707313', 'A01632845', 3, '6', 1, 1, '6115'),
('A6129', '707314', 'A01632614', 3, '6', 1, 1, '6119'),
('A6130', '707315', 'A01633322', 3, '6', 1, 1, '6123'),
('A6131', '707316', 'A01633303 ', 3, '6', 1, 1, '6127'),
('A6132', '707317', 'A01632799', 3, '6', 1, 1, '6131'),
('A6133', '707319', 'A01630770', 3, '6', 1, 1, '6135'),
('A6134', '707320', 'A01632008', 3, '6', 1, 1, '6139'),
('A6135', '707321', 'A01633314', 3, '6', 1, 1, '6143'),
('A6136', '707322', 'A01631104', 3, '6', 1, 1, '6147'),
('A6137', '707323', 'A01633378', 3, '6', 1, 1, '6104'),
('A6138', '707324', 'a01632531', 3, '6', 1, 1, '6108'),
('A6139', '707325', 'A01632609', 3, '6', 1, 1, '6112'),
('A6140', '707326', 'A01631003', 3, '6', 1, 1, '6116'),
('A6141', '707327', 'A01633594', 3, '6', 1, 1, '6120'),
('A6142', '707328', 'A01631490', 3, '6', 1, 1, '6124'),
('A6143', '707329', 'A01631548', 3, '6', 1, 1, '6128'),
('A6144', '707330', 'A01633384', 3, '6', 1, 1, '6132'),
('A6145', '707331', 'A01632631', 3, '6', 1, 1, '6136'),
('A6146', '707332', 'A01634969', 3, '6', 1, 1, '6140'),
('A6147', '707333', 'A01630766', 3, '6', 1, 1, '6144'),
('A6148', '707334', 'A01630783', 3, '6', 1, 1, '6148'),
('A6201', '707335', 'L03034363', 3, '6', 2, 1, '6201'),
('A6202', '707336', 'A01632495', 3, '6', 2, 1, '6205'),
('A6203', '707337', 'A01632641', 3, '6', 2, 1, '6209'),
('A6204', '707338', 'A01632482', 3, '6', 2, 1, '6213'),
('A6205', '707339', 'L03034363', 3, '6', 2, 1, '6217'),
('A6206', '707340', 'A01632648', 3, '6', 2, 1, '6221'),
('A6207', '707341', 'A01633472', 3, '6', 2, 1, '6225'),
('A6208', '707342', 'a01633574', 3, '6', 2, 1, '6229'),
('A6209', '707343', 'L03034363', 3, '6', 2, 1, '6233'),
('A6210', '707344', 'A01632566', 3, '6', 2, 1, '6237'),
('A6211', '707345', 'a01632213', 3, '6', 2, 1, '6241'),
('A6212', '707346', 'A01634561', 3, '6', 2, 1, '6245'),
('A6213', '707347', 'L03034363', 3, '6', 2, 1, '6249'),
('A6214', '707348', 'a01633595', 3, '6', 2, 1, '6253'),
('A6215', '707349', 'A01632506', 3, '6', 2, 1, '6257'),
('A6216', '707350', 'A01631000', 3, '6', 2, 1, '6261'),
('A6217', '707351', 'L03034363', 3, '6', 2, 1, '6265'),
('A6218', '707352', 'A01632202', 3, '6', 2, 1, '6269'),
('A6219', '707353', 'A01632540', 3, '6', 2, 1, '6202'),
('A6220', '707354', 'a01632619', 3, '6', 2, 1, '6206'),
('A6221', '707355', 'L03034363', 3, '6', 2, 1, '6210'),
('A6222', '707356', 'a01633470', 3, '6', 2, 1, '6214'),
('A6223', '707357', 'a01632532', 3, '6', 2, 1, '6218'),
('A6224', '707358', 'a01652733', 3, '6', 2, 1, '6222'),
('A6225', '707359', 'a01633802', 3, '6', 2, 1, '6226'),
('A6226', '707360', 'A01635752', 3, '6', 2, 1, '6230'),
('A6227', '707361', 'a01632484', 3, '6', 2, 1, '6234'),
('A6228', '707362', 'A01633298', 3, '6', 2, 1, '6238'),
('A6229', '707363', 'a01632636', 3, '6', 2, 1, '6242'),
('A6230', '707364', 'a01632855', 3, '6', 2, 1, '6246'),
('A6231', '707365', 'A01632624', 3, '6', 2, 1, '6250'),
('A6232', '707366', 'A01633132', 3, '6', 2, 1, '6254'),
('A6233', '707367', 'L03034363', 3, '6', 2, 1, '6258'),
('A6234', '707368', 'A01632591', 3, '6', 2, 1, '6262'),
('A6235', '707369', 'A01632999', 3, '6', 2, 1, '6266'),
('A6236', '707970', 'A01632836', 3, '6', 2, 1, '6270'),
('A6237', '707971', 'A01632626', 3, '6', 2, 1, '6203'),
('A6238', '707972', 'A01632508', 3, '6', 2, 1, '6207'),
('A6239', '707973', 'A01632841', 3, '6', 2, 1, '6211'),
('A6240', '707974', 'A01632555', 3, '6', 2, 1, '6215'),
('A6241', '707975', 'A01632465', 3, '6', 2, 1, '6219'),
('A6242', '707976', 'A01632620', 3, '6', 2, 1, '6223'),
('A6243', '707977', 'A01632596', 3, '6', 2, 1, '6227'),
('A6244', '707978', 'A01632199', 3, '6', 2, 1, '6231'),
('A6245', '707979', 'A01632204', 3, '6', 2, 1, '6235'),
('A6246', '707980', 'a01633306', 3, '6', 2, 1, '6239'),
('A6247', '707981', 'A01632467', 3, '6', 2, 1, '6243'),
('A6248', '707982', 'A01632635', 3, '6', 2, 1, '6247'),
('A6249', '707983', 'A01632480', 3, '6', 2, 1, '6251'),
('A6250', '707984', 'A01632459', 3, '6', 2, 1, '6255'),
('A6251', '707985', 'A01632196', 3, '6', 2, 1, '6259'),
('A6252', '707986', 'A01632603', 3, '6', 2, 1, '6263'),
('A6253', '707987', 'A01634071', 3, '6', 2, 1, '6267'),
('A6254', '707988', 'A01632471', 3, '6', 2, 1, '6271'),
('A6255', '707989', 'a01632485', 3, '6', 2, 1, '6204'),
('A6256', '707990', 'A01632632', 3, '6', 2, 1, '6208'),
('A6257', '707991', 'A01633363', 3, '6', 2, 1, '6212'),
('A6258', '707992', 'A01632497', 3, '6', 2, 1, '6216'),
('A6259', '707993', 'A01632189', 3, '6', 2, 1, '6220'),
('A6260', '707994', NULL, 1, '6', 2, 1, '6224'),
('A6261', '707995', NULL, 1, '6', 2, 1, '6228'),
('A6262', '707996', NULL, 1, '6', 2, 1, '6232'),
('A6263', '707997', NULL, 1, '6', 2, 1, '6236'),
('A6264', '707998', NULL, 1, '6', 2, 1, '6240'),
('A6265', '707999', 'A01633308', 3, '6', 2, 1, '6242'),
('A6266', '708000', 'a01633302', 3, '6', 2, 1, '6248'),
('A6267', '708001', NULL, 1, '6', 2, 1, '6252'),
('A6268', '708002', 'a01633316', 3, '6', 2, 1, '6256'),
('A6269', '708003', NULL, 1, '6', 2, 1, '6260'),
('A6270', '708004', NULL, 1, '6', 2, 1, '6264'),
('A6271', '708005', 'A01632621', 3, '6', 2, 1, '6268'),
('A6272', '708006', 'A01633382', 3, '6', 2, 1, '6272'),
('A6301', '708007', 'L03034363', 3, '6', 3, 1, '6301'),
('A6302', '708008', 'a01632612', 3, '6', 3, 1, '6305'),
('A6303', '708009', 'A01631816', 3, '6', 3, 1, '6309'),
('A6304', '708010', 'a01632968', 3, '6', 3, 1, '6313'),
('A6305', '708011', 'L03034363', 3, '6', 3, 1, '6317'),
('A6306', '708012', 'A01631091', 3, '6', 3, 1, '6321'),
('A6307', '708013', 'A01631562', 3, '6', 3, 1, '6325'),
('A6308', '708014', 'A01631497', 3, '6', 3, 1, '6329'),
('A6309', '708015', 'L03034363', 3, '6', 3, 1, '6333'),
('A6310', '708016', 'a01631057', 3, '6', 3, 1, '6337'),
('A6311', '708017', 'A01633357', 3, '6', 3, 1, '6341'),
('A6312', '708018', 'A01631115', 3, '6', 3, 1, '6345'),
('A6313', '708019', 'L03034363', 3, '6', 3, 1, '6349'),
('A6314', '708020', 'A01632023', 3, '6', 3, 1, '6353'),
('A6315', '708021', 'A01631789', 3, '6', 3, 1, '6357'),
('A6316', '708022', 'A01021999', 3, '6', 3, 1, '6361'),
('A6317', '708023', 'L03034363', 3, '6', 3, 1, '6365'),
('A6318', '708024', 'A01632478', 3, '6', 3, 1, '6369'),
('A6319', '708025', 'A01631574', 3, '6', 3, 1, '6373'),
('A6320', '708026', 'A01631796', 3, '6', 3, 1, '6302'),
('A6321', '708027', 'A01631088', 3, '6', 3, 1, '6306'),
('A6322', '708028', 'L03034363', 3, '6', 3, 1, '6310'),
('A6323', '708029', 'A01631530', 3, '6', 3, 1, '6314'),
('A6324', '708030', 'A01631773', 3, '6', 3, 1, '6318'),
('A6325', '708031', 'A01632850', 3, '6', 3, 1, '6322'),
('A6326', '708032', 'L03034363', 3, '6', 3, 1, '6326'),
('A6327', '708033', 'A01631527', 3, '6', 3, 1, '6330'),
('A6328', '708034', 'a01631965', 3, '6', 3, 1, '6334'),
('A6329', '708035', 'a01631283', 3, '6', 3, 1, '6338'),
('A6330', '708036', 'L03034363', 3, '6', 3, 1, '6342'),
('A6331', '708037', 'A01631576', 3, '6', 3, 1, '6346'),
('A6332', '708038', 'A01631493', 3, '6', 3, 1, '6350'),
('A6333', '708039', 'A01631815', 3, '6', 3, 1, '6354'),
('A6334', '708040', 'L03034363', 3, '6', 3, 1, '6358'),
('A6335', '708041', 'A01630732', 3, '6', 3, 1, '6362'),
('A6336', '708042', 'a01631075', 3, '6', 3, 1, '6366'),
('A6337', '708043', 'A01630742', 3, '6', 3, 1, '6370'),
('A6338', '708044', 'L03034363', 3, '6', 3, 1, '6374'),
('A6339', '708045', 'a01630925', 3, '6', 3, 1, '6303'),
('A6340', '708046', 'a01633362', 3, '6', 3, 1, '6307'),
('A6341', '708047', 'A01633294', 3, '6', 3, 1, '6311'),
('A6342', '708048', NULL, 1, '6', 3, 1, '6315'),
('A6343', '708049', 'A01630759', 3, '6', 3, 1, '6319'),
('A6344', '708050', 'A01630792', 3, '6', 3, 1, '6323'),
('A6345', '708051', 'A01022842', 3, '6', 3, 1, '6327'),
('A6346', '708052', NULL, 1, '6', 3, 1, '6331'),
('A6347', '708053', NULL, 1, '6', 3, 1, '6335'),
('A6348', '708054', NULL, 1, '6', 3, 1, '6339'),
('A6349', '708055', NULL, 1, '6', 3, 1, '6343'),
('A6350', '708056', NULL, 1, '6', 3, 1, '6347'),
('A6351', '708057', NULL, 1, '6', 3, 1, '6351'),
('A6352', '708058', 'A01631578', 3, '6', 3, 1, '6355'),
('A6353', '708059', NULL, 1, '6', 3, 1, '6359'),
('A6354', '708060', 'A01631043', 3, '6', 3, 1, '6363'),
('A6355', '708061', NULL, 1, '6', 3, 1, '6367'),
('A6356', '708062', NULL, 1, '6', 3, 1, '6371'),
('A6357', '708063', NULL, 1, '6', 3, 1, '6375'),
('A6358', '708064', 'A01632031', 3, '6', 3, 1, '6304'),
('A6359', '708065', NULL, 1, '6', 3, 1, '6308'),
('A6360', '708066', NULL, 1, '6', 3, 1, '6312'),
('A6361', '708067', NULL, 1, '6', 3, 1, '6316'),
('A6362', '708068', NULL, 1, '6', 3, 1, '6320'),
('A6363', '708069', NULL, 1, '6', 3, 1, '6324'),
('A6364', '725732', NULL, 1, '6', 3, 1, '6328'),
('A6365', '730491', NULL, 1, '6', 3, 1, '6332'),
('A6366', '730497', NULL, 1, '6', 3, 1, '6336'),
('A6367', '730498', NULL, 1, '6', 3, 1, '6340'),
('A6368', '735690', NULL, 1, '6', 3, 1, '6344'),
('A6369', '735691', NULL, 1, '6', 3, 1, '6348'),
('A6370', '735692', NULL, 1, '6', 3, 1, '6352'),
('A6371', '735693', NULL, 1, '6', 3, 1, '6356'),
('A6372', '735694', NULL, 1, '6', 3, 1, '6360'),
('A6373', '735695', NULL, 1, '6', 3, 1, '6364'),
('A6374', '735696', NULL, 1, '6', 3, 1, '6368'),
('A6375', '735697', NULL, 1, '6', 3, 1, '6372'),
('A6376', '735698', NULL, 1, '6', 3, 1, '6376'),
('A6401', '735699', 'L03034363', 3, '6', 4, 1, '6401'),
('A6402', '735700', 'A01632545', 3, '6', 4, 1, '6405'),
('A6403', '735701', 'A01630965', 3, '6', 4, 1, '6409'),
('A6404', '735702', 'A01630991', 3, '6', 4, 1, '6413'),
('A6405', '735703', 'L03034363', 3, '6', 4, 1, '6417'),
('A6406', '735704', 'a01631073', 3, '6', 4, 1, '6421'),
('A6407', '735705', 'A01630990', 3, '6', 4, 1, '6425'),
('A6408', '735706', 'A01633482', 3, '6', 4, 1, '6429'),
('A6409', '735707', 'L03034363', 3, '6', 4, 1, '6433'),
('A6410', '735708', 'A01630928', 3, '6', 4, 1, '6437'),
('A6411', '735709', 'A01633575', 3, '6', 4, 1, '6441'),
('A6412', '735710', 'A01631500', 3, '6', 4, 1, '6445'),
('A6413', '735711', 'L03034363', 3, '6', 4, 1, '6449'),
('A6414', '735712', 'A01251267', 3, '6', 4, 1, '6453'),
('A6415', '735713', 'A01632453', 3, '6', 4, 1, '6457'),
('A6416', '735714', '', 1, '6', 4, 1, '6461'),
('A6417', '735715', 'L03034363', 3, '6', 4, 1, '6465'),
('A6418', '735716', 'A01631103 ', 3, '6', 4, 1, '6469'),
('A6419', '735717', 'A01632634', 3, '6', 4, 1, '6402'),
('A6420', '735718', 'A01632793', 3, '6', 4, 1, '6406'),
('A6421', '735719', 'L03034363', 3, '6', 4, 1, '6410'),
('A6422', '735720', 'A01631097', 3, '6', 4, 1, '6414'),
('A6423', '735721', 'A01022945', 3, '6', 4, 1, '6418'),
('A6424', '735722', 'a01631285', 3, '6', 4, 1, '6422'),
('A6425', '735723', 'L03034363', 3, '6', 4, 1, '6426'),
('A6426', '735724', 'A0163105', 3, '6', 4, 1, '6430'),
('A6427', '735725', 'A01631089', 3, '6', 4, 1, '6434'),
('A6428', '735726', 'A01630984', 3, '6', 4, 1, '6438'),
('A6429', '735727', 'L03034363', 3, '6', 4, 1, '6442'),
('A6430', '735728', 'A01631111', 3, '6', 4, 1, '6446'),
('A6431', '735729', 'A01631793', 3, '6', 4, 1, '6450'),
('A6432', '735730', 'A01630773', 3, '6', 4, 1, '6454'),
('A6433', '735731', 'L03034363', 3, '6', 4, 1, '6458'),
('A6434', '735733', 'A01631960', 3, '6', 4, 1, '6462'),
('A6435', '735734', 'A01630782', 3, '6', 4, 1, '6466'),
('A6436', '735735', 'A01630857', 3, '6', 4, 1, '6470'),
('A6437', '735736', NULL, 1, '6', 4, 1, '6403'),
('A6438', '735737', NULL, 1, '6', 4, 1, '6407'),
('A6439', '735738', NULL, 1, '6', 4, 1, '6411'),
('A6440', '735739', NULL, 1, '6', 4, 1, '6415'),
('A6441', '735740', NULL, 1, '6', 4, 1, '6419'),
('A6442', '735741', NULL, 1, '6', 4, 1, '6423'),
('A6443', '735742', NULL, 1, '6', 4, 1, '6427'),
('A6444', '735743', NULL, 1, '6', 4, 1, '6431'),
('A6445', '735744', NULL, 1, '6', 4, 1, '6435'),
('A6446', '735745', NULL, 1, '6', 4, 1, '6439'),
('A6447', '735746', NULL, 1, '6', 4, 1, '6443'),
('A6448', '735747', NULL, 1, '6', 4, 1, '6447'),
('A6449', '735748', 'A01631004', 3, '6', 4, 1, '6451'),
('A6450', '735749', NULL, 1, '6', 4, 1, '6455'),
('A6451', '735750', NULL, 1, '6', 4, 1, '6459'),
('A6452', '735751', 'A01630980', 3, '6', 4, 1, '6463'),
('A6453', '735752', 'A01631963', 3, '6', 4, 1, '6467'),
('A6454', '735753', 'A01630746', 3, '6', 4, 1, '6471'),
('A6455', '735754', NULL, 1, '6', 4, 1, '6404'),
('A6456', '735755', NULL, 1, '6', 4, 1, '6408'),
('A6457', '735756', NULL, 1, '6', 4, 1, '6412'),
('A6458', '735757', NULL, 1, '6', 4, 1, '6416'),
('A6459', '735758', NULL, 1, '6', 4, 1, '6420'),
('A6460', '735759', NULL, 1, '6', 4, 1, '6424'),
('A6461', '735760', NULL, 1, '6', 4, 1, '6428'),
('A6462', '735761', NULL, 1, '6', 4, 1, '6432'),
('A6463', '735762', NULL, 1, '6', 4, 1, '6436'),
('A6464', '735763', NULL, 1, '6', 4, 1, '6440'),
('A6465', '735764', NULL, 1, '6', 4, 1, '6442'),
('A6466', '735765', NULL, 1, '6', 4, 1, '6448'),
('A6467', '735766', NULL, 1, '6', 4, 1, '6452'),
('A6468', '735767', NULL, 1, '6', 4, 1, '6456'),
('A6469', '735768', NULL, 1, '6', 4, 1, '6460'),
('A6470', '735769', '', 1, '6', 4, 1, '6464'),
('A6471', '735770', NULL, 1, '6', 4, 1, '6468'),
('A6472', '735771', NULL, 1, '6', 4, 1, '6472'),
('I101', '400226', 'A01228574', 3, 'I', 1, 2, 'I101'),
('I102', '400227', 'A01228629', 3, 'I', 1, 2, 'I104'),
('I103', '400228', NULL, 1, 'I', 1, 2, 'I107'),
('I104', '400229', NULL, 1, 'I', 1, 2, 'I110'),
('I105', '400230', NULL, 1, 'I', 1, 2, 'I113'),
('I106', '400231', NULL, 1, 'I', 1, 2, 'I116'),
('I107', '400232', NULL, 1, 'I', 1, 2, 'I119'),
('I108', '400233', NULL, 1, 'I', 1, 2, 'I122'),
('I109', '400234', NULL, 1, 'I', 1, 2, 'I125'),
('I110', '400235', '', 1, 'I', 1, 2, 'I128'),
('I111', '400236', NULL, 1, 'I', 1, 2, 'I131'),
('I112', '400237', NULL, 1, 'I', 1, 2, 'I134'),
('I113', '400238', NULL, 1, 'I', 1, 2, 'I137'),
('I114', '400239', NULL, 1, 'I', 1, 2, 'I140'),
('I115', '400240', 'a01630910', 3, 'I', 1, 2, 'I143'),
('I116', '400241', NULL, 1, 'I', 1, 2, 'I146'),
('I117', '400242', NULL, 1, 'I', 1, 2, 'I149'),
('I118', '400243', 'a00815784', 3, 'I', 1, 3, 'I152'),
('I119', '400244', NULL, 1, 'I', 1, 2, 'I155'),
('I120', '400245', 'a01630560', 3, 'I', 1, 3, 'I158'),
('I121', '400246', NULL, 1, 'I', 1, 2, 'I161'),
('I122', '400247', 'a01229898', 3, 'I', 1, 3, 'I164'),
('I123', '400248', NULL, 1, 'I', 1, 2, 'I167'),
('I124', '400249', 'a01540234', 3, 'I', 1, 3, 'I170'),
('I125', '400250', NULL, 1, 'I', 1, 2, 'I173'),
('I126', '400251', '', 1, 'I', 1, 3, 'I176'),
('I127', '400252', NULL, 1, 'I', 1, 2, 'I179'),
('I128', '400253', NULL, 1, 'I', 1, 3, 'I182'),
('I129', '400254', NULL, 1, 'I', 1, 2, 'I185'),
('I130', '400255', NULL, 1, 'I', 1, 3, 'I188'),
('I131', '400256', NULL, 1, 'I', 1, 3, 'I191'),
('I132', '400257', 'A01633856', 3, 'I', 1, 3, 'I194'),
('I133', '400258', 'A01227978', 3, 'I', 1, 2, 'I102'),
('I134', '400259', 'A01228451', 3, 'I', 1, 2, 'I105'),
('I135', '400260', 'A01225325', 3, 'I', 1, 2, 'I108'),
('I136', '400261', 'a01630580', 3, 'I', 1, 2, 'I111'),
('I137', '400262', NULL, 1, 'I', 1, 2, 'I114'),
('I138', '400263', 'A01229813', 3, 'I', 1, 2, 'I117'),
('I139', '400264', NULL, 1, 'I', 1, 2, 'I120'),
('I140', '400265', 'a01227933', 3, 'I', 1, 2, 'I123'),
('I141', '400266', NULL, 1, 'I', 1, 2, 'I126'),
('I142', '400267', NULL, 1, 'I', 1, 2, 'I129'),
('I143', '400268', NULL, 1, 'I', 1, 2, 'I132'),
('I144', '400269', NULL, 1, 'I', 1, 2, 'I135'),
('I145', '400270', NULL, 1, 'I', 1, 2, 'I138'),
('I146', '400271', NULL, 1, 'I', 1, 2, 'I141'),
('I147', '400272', NULL, 1, 'I', 1, 2, 'I144'),
('I148', '400273', 'a01229310', 3, 'I', 1, 2, 'I147'),
('I149', '400275', NULL, 1, 'I', 1, 2, 'I150'),
('I150', '400276', NULL, 1, 'I', 1, 2, 'I156'),
('I151', '400277', NULL, 1, 'I', 1, 2, 'I162'),
('I152', '400278', NULL, 1, 'I', 1, 2, 'I168'),
('I153', '400279', NULL, 1, 'I', 1, 2, 'I174'),
('I154', '400280', NULL, 1, 'I', 1, 2, 'I180'),
('I155', '400281', NULL, 1, 'I', 1, 2, 'I186'),
('I156', '400282', '', 1, 'I', 1, 2, 'I154'),
('I157', '400283', 'A00369996', 3, 'I', 1, 2, 'I160'),
('I158', '400284', 'A01421999', 3, 'I', 1, 2, 'I166'),
('I159', '400285', 'A01064010', 3, 'I', 1, 2, 'I172'),
('I160', '400286', 'A01635062', 3, 'I', 1, 2, 'I178'),
('I161', '400287', NULL, 1, 'I', 1, 2, 'I184'),
('I162', '400288', NULL, 1, 'I', 1, 2, 'I190'),
('I163', '400289', NULL, 1, 'I', 1, 2, 'I193'),
('I164', '400290', NULL, 1, 'I', 1, 2, 'I196'),
('I165', '400291', NULL, 1, 'I', 1, 2, 'I103'),
('I166', '400292', NULL, 1, 'I', 1, 2, 'I106'),
('I167', '400293', NULL, 1, 'I', 1, 2, 'I109'),
('I168', '400294', NULL, 1, 'I', 1, 2, 'I112'),
('I169', '400295', NULL, 1, 'I', 1, 2, 'I115'),
('I170', '400296', NULL, 1, 'I', 1, 2, 'I118'),
('I171', '400297', NULL, 1, 'I', 1, 2, 'I121'),
('I172', '400298', NULL, 1, 'I', 1, 2, 'I124'),
('I173', '400299', NULL, 1, 'I', 1, 3, 'I127'),
('I174', '400300', NULL, 1, 'I', 1, 2, 'I130'),
('I175', '707170', NULL, 1, 'I', 1, 3, 'I133'),
('I176', '707171', NULL, 1, 'I', 1, 2, 'I136'),
('I177', '707172', NULL, 1, 'I', 1, 3, 'I139'),
('I178', '707173', NULL, 1, 'I', 1, 2, 'I142'),
('I179', '707174', NULL, 1, 'I', 1, 3, 'I145'),
('I180', '707175', NULL, 1, 'I', 1, 2, 'I148'),
('I181', '707176', NULL, 1, 'I', 1, 3, 'I151'),
('I182', '707177', 'a01630327', 3, 'I', 1, 2, 'I157'),
('I183', '707178', NULL, 1, 'I', 1, 3, 'I163'),
('I184', '707179', NULL, 1, 'I', 1, 2, 'I169'),
('I185', '707180', NULL, 1, 'I', 1, 3, 'I175'),
('I186', '707181', NULL, 1, 'I', 1, 3, 'I181'),
('I187', '707182', NULL, 1, 'I', 1, 3, 'I187'),
('I201', '707183', NULL, 1, 'I', 2, 2, 'I201'),
('I202', '707184', 'a01633043', 3, 'I', 2, 3, 'I205'),
('I203', '707185', NULL, 1, 'I', 2, 2, 'I209'),
('I204', '707186', 'A01630163', 3, 'I', 2, 3, 'I213'),
('I205', '707187', NULL, 1, 'I', 2, 2, 'I217'),
('I206', '707188', 'A01635093', 3, 'I', 2, 3, 'I221'),
('I207', '707189', NULL, 1, 'I', 2, 2, 'I225'),
('I208', '707190', NULL, 1, 'I', 2, 3, 'I229'),
('I209', '707191', NULL, 1, 'I', 2, 2, 'I233'),
('I210', '707192', NULL, 1, 'I', 2, 3, 'I237'),
('I211', '707193', NULL, 1, 'I', 2, 2, 'I241'),
('I212', '707194', NULL, 1, 'I', 2, 2, 'I202'),
('I213', '707195', NULL, 1, 'I', 2, 2, 'I210'),
('I214', '707196', NULL, 1, 'I', 2, 2, 'I218'),
('I215', '707197', NULL, 1, 'I', 2, 2, 'I226'),
('I216', '707198', NULL, 1, 'I', 2, 2, 'I234'),
('I217', '707199', NULL, 1, 'I', 2, 2, 'I242'),
('I218', '707200', NULL, 1, 'I', 2, 3, 'I207'),
('I219', '707201', NULL, 1, 'I', 2, 3, 'I215'),
('I220', '707202', NULL, 1, 'I', 2, 3, 'I223'),
('I221', '707203', NULL, 1, 'I', 2, 3, 'I231'),
('I222', '707204', NULL, 1, 'I', 2, 3, 'I239'),
('I223', '707205', NULL, 1, 'I', 2, 2, 'I204'),
('I224', '707206', NULL, 1, 'I', 2, 2, 'I212'),
('I225', '707207', NULL, 1, 'I', 2, 2, 'I220'),
('I226', '707208', NULL, 1, 'I', 2, 2, 'I228'),
('I227', '707209', NULL, 1, 'I', 2, 2, 'I236'),
('I228', '707210', NULL, 1, 'I', 2, 2, 'I244'),
('I301', '707211', NULL, 1, 'I', 3, 2, 'I301'),
('I302', '707212', 'l01117358', 3, 'I', 3, 3, 'I305'),
('I303', '707213', NULL, 1, 'I', 3, 2, 'I309'),
('I304', '707214', NULL, 1, 'I', 3, 3, 'I313'),
('I305', '707215', NULL, 1, 'I', 3, 2, 'I317'),
('I306', '707216', NULL, 1, 'I', 3, 3, 'I321'),
('I307', '707217', NULL, 1, 'I', 3, 2, 'I325'),
('I308', '707218', NULL, 1, 'I', 3, 3, 'I329'),
('I309', '707219', NULL, 1, 'I', 3, 2, 'I333'),
('I310', '707220', NULL, 1, 'I', 3, 3, 'I337'),
('I311', '707221', NULL, 1, 'I', 3, 2, 'I302'),
('I312', '707222', NULL, 1, 'I', 3, 2, 'I310'),
('I313', '707223', NULL, 1, 'I', 3, 2, 'I318');
INSERT INTO `clockers` (`folio`, `candado`, `matricula`, `estatus`, `id_aulas`, `id_piso`, `nf`, `identificador`) VALUES
('I314', '707224', NULL, 1, 'I', 3, 2, 'I326'),
('I315', '707225', NULL, 1, 'I', 3, 2, 'I334'),
('I316', '707226', NULL, 1, 'I', 3, 3, 'I307'),
('I317', '707227', NULL, 1, 'I', 3, 3, 'I315'),
('I318', '707228', NULL, 1, 'I', 3, 3, 'I323'),
('I319', '707229', NULL, 1, 'I', 3, 3, 'I331'),
('I320', '707230', NULL, 1, 'I', 3, 3, 'I339'),
('I321', '707231', NULL, 1, 'I', 3, 2, 'I304'),
('I322', '707232', NULL, 1, 'I', 3, 2, 'I312'),
('I323', '707233', NULL, 1, 'I', 3, 2, 'I320'),
('I324', '707234', NULL, 1, 'I', 3, 2, 'I328'),
('I325', '707235', NULL, 1, 'I', 3, 3, 'I336'),
('I401', '707236', '', 1, 'I', 4, 3, 'I401'),
('I402', '707237', 'L01203687', 3, 'I', 4, 2, 'I405'),
('I403', '707238', NULL, 1, 'I', 4, 3, 'I409'),
('I404', '707239', 'L01203687', 3, 'I', 4, 2, 'I413'),
('I405', '707240', NULL, 1, 'I', 4, 3, 'I417'),
('I406', '707241', 'L01203687', 3, 'I', 4, 2, 'I421'),
('I407', '707242', NULL, 1, 'I', 4, 3, 'I425'),
('I408', '707243', 'L01203687', 3, 'I', 4, 2, 'I429'),
('I409', '707244', NULL, 1, 'I', 4, 3, 'I433'),
('I410', '707245', 'L01203687', 3, 'I', 4, 2, 'I437'),
('I411', '707246', 'L01203687', 3, 'I', 4, 2, 'I406'),
('I412', '707247', 'L01203687', 3, 'I', 4, 2, 'I414'),
('I413', '707248', 'L01203687', 3, 'I', 4, 2, 'I422'),
('I414', '707249', 'L01203687', 3, 'I', 4, 2, 'I430'),
('I415', '707250', 'L01203687', 3, 'I', 4, 2, 'I438'),
('I416', '707251', NULL, 1, 'I', 4, 3, 'I403'),
('I417', '707252', NULL, 1, 'I', 4, 3, 'I411'),
('I418', '707253', NULL, 1, 'I', 4, 3, 'I419'),
('I419', '707254', NULL, 1, 'I', 4, 3, 'I427'),
('I420', '707255', NULL, 1, 'I', 4, 3, 'I435'),
('I421', '707256', 'L01203687', 3, 'I', 4, 2, 'I408'),
('I422', '707257', 'L01203687', 3, 'I', 4, 2, 'I416'),
('I423', '707258', 'L01203687', 3, 'I', 4, 2, 'I424'),
('I424', '707259', 'L01203687', 3, 'I', 4, 2, 'I432'),
('I425', '707260', 'L01203687', 3, 'I', 4, 2, 'I440'),
('I501', '707261', NULL, 1, 'I', 5, 3, 'I501'),
('I502', '707262', NULL, 1, 'I', 5, 2, 'I505'),
('I503', '707263', NULL, 1, 'I', 5, 3, 'I509'),
('I504', '707264', NULL, 1, 'I', 5, 2, 'I513'),
('I505', '707265', NULL, 1, 'I', 5, 3, 'I517'),
('I506', '707266', NULL, 1, 'I', 5, 2, 'I521'),
('I507', '707267', NULL, 1, 'I', 5, 3, 'I525'),
('I508', '707268', NULL, 1, 'I', 5, 2, 'I529'),
('I509', '707269', NULL, 1, 'I', 5, 3, 'I533'),
('I510', '707270', NULL, 1, 'I', 5, 2, 'I537'),
('I511', '707271', NULL, 1, 'I', 5, 2, 'I506'),
('I512', '707272', NULL, 1, 'I', 5, 2, 'I514'),
('I513', '707273', NULL, 1, 'I', 5, 2, 'I522'),
('I514', '707274', NULL, 1, 'I', 5, 2, 'I530'),
('I515', '707275', NULL, 1, 'I', 5, 2, 'I538'),
('I516', '707276', NULL, 1, 'I', 5, 3, 'I503'),
('I517', '707277', NULL, 1, 'I', 5, 3, 'I511'),
('I518', '707278', NULL, 1, 'I', 5, 3, 'I519'),
('I519', '707279', NULL, 1, 'I', 5, 3, 'I527'),
('I520', '707280', NULL, 1, 'I', 5, 3, 'I535'),
('I521', '707281', NULL, 1, 'I', 5, 2, 'I508'),
('I522', '707282', NULL, 1, 'I', 5, 2, 'I516'),
('I523', '707283', NULL, 1, 'I', 5, 2, 'I524'),
('I524', '707284', NULL, 1, 'I', 5, 2, 'I532'),
('I525', '707285', NULL, 1, 'I', 5, 2, 'I540'),
('M201', '300976', 'L03034363', 3, 'M', 2, 1, '101'),
('M202', '300977', NULL, 1, 'M', 2, 1, '104'),
('M203', '300978', 'A01229741', 3, 'M', 2, 1, '107'),
('M204', '300979', 'a01225973', 3, 'M', 2, 1, '110'),
('M205', '300980', 'L03034363', 3, 'M', 2, 1, '113'),
('M206', '300981', 'a01228220', 3, 'M', 2, 1, '116'),
('M207', '300982', 'A01271889', 3, 'M', 2, 1, '119'),
('M208', '300983', 'A01066413', 3, 'M', 2, 1, '122'),
('M209', '300984', 'L03034363', 3, 'M', 2, 1, '125'),
('M210', '300985', 'A00232131', 3, 'M', 2, 1, '128'),
('M211', '300986', 'A01064968', 3, 'M', 2, 1, '131'),
('M212', '300987', 'A01209448', 3, 'M', 2, 1, '102'),
('M213', '300988', 'A01632848', 3, 'M', 2, 1, '105'),
('M214', '300989', 'L03034363', 3, 'M', 2, 1, '108'),
('M215', '300990', 'a01632054', 3, 'M', 2, 1, '111'),
('M216', '300991', '', 1, 'M', 2, 1, '114'),
('M217', '300992', 'A01630860', 3, 'M', 2, 1, '117'),
('M218', '300993', 'L03034363', 3, 'M', 2, 1, '120'),
('M219', '300994', 'A01634731', 3, 'M', 2, 1, '123'),
('M220', '300995', 'A01634666', 3, 'M', 2, 1, '126'),
('M221', '300996', 'A01654734', 3, 'M', 2, 1, '129'),
('M222', '300997', 'L03034363', 3, 'M', 2, 1, '132'),
('M223', '300998', NULL, 1, 'M', 2, 1, '103'),
('M224', '300999', NULL, 1, 'M', 2, 1, '106'),
('M225', '301000', NULL, 1, 'M', 2, 1, '109'),
('M226', '301001', NULL, 1, 'M', 2, 1, '112'),
('M227', '301002', NULL, 1, 'M', 2, 1, '115'),
('M228', '301003', 'A01631916', 3, 'M', 2, 1, '118'),
('M229', '301004', NULL, 1, 'M', 2, 1, '121'),
('M230', '301005', NULL, 1, 'M', 2, 1, '124'),
('M231', '301006', NULL, 1, 'M', 2, 1, '127'),
('M232', '301007', NULL, 1, 'M', 2, 1, '130'),
('M233', '301008', NULL, 1, 'M', 2, 1, '133'),
('M301', '301009', 'L03034363', 3, 'M', 3, 1, '201'),
('M302', '301010', 'A01635111', 3, 'M', 3, 1, '204'),
('M303', '301011', 'a01065976', 3, 'M', 3, 1, '207'),
('M304', '301013', 'A01635001', 3, 'M', 3, 1, '210'),
('M305', '301014', 'L03034363', 3, 'M', 3, 1, '213'),
('M306', '301015', 'A01634491', 3, 'M', 3, 1, '216'),
('M307', '301016', NULL, 1, 'M', 3, 1, '219'),
('M308', '301017', 'A01226121', 3, 'M', 3, 1, '222'),
('M309', '301018', 'L03034363', 3, 'M', 3, 1, '225'),
('M310', '301019', NULL, 1, 'M', 3, 1, '228'),
('M311', '301020', NULL, 1, 'M', 3, 1, '231'),
('M312', '301021', NULL, 1, 'M', 3, 1, '202'),
('M313', '301022', NULL, 1, 'M', 3, 1, '205'),
('M314', '301023', 'L03034363', 3, 'M', 3, 1, '208'),
('M315', '301024', 'A01633913', 3, 'M', 3, 1, '211'),
('M316', '301025', 'A00226626', 3, 'M', 3, 1, '214'),
('M317', '301026', 'A01224397', 3, 'M', 3, 1, '217'),
('M318', '301027', 'L03034363', 3, 'M', 3, 1, '220'),
('M319', '301028', NULL, 1, 'M', 3, 1, '223'),
('M320', '301029', NULL, 1, 'M', 3, 1, '226'),
('M321', '301030', NULL, 1, 'M', 3, 1, '229'),
('M322', '301031', 'L03034363', 3, 'M', 3, 1, '232'),
('M323', '301032', NULL, 1, 'M', 3, 1, '203'),
('M324', '301033', NULL, 1, 'M', 3, 1, '206'),
('M325', '301034', NULL, 1, 'M', 3, 1, '209'),
('M326', '301035', NULL, 1, 'M', 3, 1, '212'),
('M327', '301036', NULL, 1, 'M', 3, 1, '215'),
('M328', '301037', NULL, 1, 'M', 3, 1, '218'),
('M329', '301038', NULL, 1, 'M', 3, 1, '221'),
('M330', '301039', NULL, 1, 'M', 3, 1, '224'),
('M331', '301040', NULL, 1, 'M', 3, 1, '227'),
('M332', '301041', NULL, 1, 'M', 3, 1, '230'),
('M333', '301042', NULL, 1, 'M', 3, 1, '233'),
('M401', '301043', 'L03034363', 3, 'M', 4, 1, '301'),
('M402', '301046', NULL, 1, 'M', 4, 1, '304'),
('M403', '301047', NULL, 1, 'M', 4, 1, '307'),
('M404', '301048', NULL, 1, 'M', 4, 1, '310'),
('M405', '301051', 'L03034363', 3, 'M', 4, 1, '313'),
('M406', '301052', NULL, 1, 'M', 4, 1, '316'),
('M407', '301053', NULL, 1, 'M', 4, 1, '319'),
('M408', '301058', NULL, 1, 'M', 4, 1, '322'),
('M409', '400201', 'L03034363', 3, 'M', 4, 1, '325'),
('M410', '400202', NULL, 1, 'M', 4, 1, '328'),
('M411', '400203', NULL, 1, 'M', 4, 1, '331'),
('M412', '400204', NULL, 1, 'M', 4, 1, '302'),
('M413', '400205', NULL, 1, 'M', 4, 1, '305'),
('M414', '400206', 'L03034363', 3, 'M', 4, 1, '308'),
('M415', '400207', NULL, 1, 'M', 4, 1, '311'),
('M416', '400208', NULL, 1, 'M', 4, 1, '314'),
('M417', '400209', NULL, 1, 'M', 4, 1, '317'),
('M418', '400210', 'L03034363', 3, 'M', 4, 1, '320'),
('M419', '400211', NULL, 1, 'M', 4, 1, '323'),
('M420', '400212', NULL, 1, 'M', 4, 1, '326'),
('M421', '400213', NULL, 1, 'M', 4, 1, '329'),
('M422', '400214', 'L03034363', 3, 'M', 4, 1, '332'),
('M423', '400215', NULL, 1, 'M', 4, 1, '303'),
('M424', '400216', NULL, 1, 'M', 4, 1, '306'),
('M425', '400217', NULL, 1, 'M', 4, 1, '309'),
('M426', '400218', NULL, 1, 'M', 4, 1, '312'),
('M427', '400219', NULL, 1, 'M', 4, 1, '315'),
('M428', '400220', NULL, 1, 'M', 4, 1, '318'),
('M429', '400221', NULL, 1, 'M', 4, 1, '321'),
('M430', '400222', NULL, 1, 'M', 4, 1, '324'),
('M431', '400223', NULL, 1, 'M', 4, 1, '327'),
('M432', '400224', NULL, 1, 'M', 4, 1, '330'),
('M433', '400225', NULL, 1, 'M', 4, 1, '333'),
('S101', '901558', NULL, 1, 'S', 1, 1, '1101'),
('S102', '910265', NULL, 1, 'S', 1, 1, '1105'),
('S103', '2800108', NULL, 1, 'S', 1, 1, '1109'),
('S104', '400275', 'A01634999', 3, 'S', 1, 1, '1113'),
('S105', '400264', NULL, 1, 'S', 1, 1, '1117'),
('S106', '911674', NULL, 1, 'S', 1, 1, '1121'),
('S107', '2301561', NULL, 1, 'S', 1, 1, '1125'),
('S108', '911323', NULL, 1, 'S', 1, 1, '1129'),
('S109', '902381', NULL, 1, 'S', 1, 1, '1133'),
('S110', '901549', NULL, 1, 'S', 1, 1, '1137'),
('S111', '400253', NULL, 1, 'S', 1, 1, '1141'),
('S112', NULL, 'L01388058', 3, 'S', 1, 1, '1102'),
('S113', '2301589', 'A01634165', 3, 'S', 1, 1, '1106'),
('S114', '911248', 'A01632434', 3, 'S', 1, 1, '1110'),
('S115', '901610', NULL, 1, 'S', 1, 1, '1114'),
('S116', '400292', NULL, 1, 'S', 1, 1, '1118'),
('S117', '400277', NULL, 1, 'S', 1, 1, '1122'),
('S118', '905697', NULL, 1, 'S', 1, 1, '1126'),
('S119', '903360', NULL, 1, 'S', 1, 1, '1130'),
('S120', '914694', 'A01634175', 3, 'S', 1, 1, '1134'),
('S121', '400281', NULL, 1, 'S', 1, 1, '1138'),
('S122', '900129', NULL, 1, 'S', 1, 1, '1142'),
('S123', '2301587', NULL, 1, 'S', 1, 1, '1103'),
('S124', '2800127', NULL, 1, 'S', 1, 1, '1107'),
('S125', '905679', NULL, 1, 'S', 1, 1, '1111'),
('S126', '2301593', NULL, 1, 'S', 1, 1, '1115'),
('S127', '400279', NULL, 1, 'S', 1, 1, '1119'),
('S128', '909472', NULL, 1, 'S', 1, 1, '1123'),
('S129', '914658', NULL, 1, 'S', 1, 1, '1127'),
('S130', '910679', NULL, 1, 'S', 1, 1, '1131'),
('S131', '2301584', NULL, 1, 'S', 1, 1, '1135'),
('S132', '909064', 'L01388058', 3, 'S', 1, 1, '1139'),
('S133', '400270', 'L01388058', 3, 'S', 1, 1, '1143'),
('S134', '914675', NULL, 1, 'S', 1, 1, '1104'),
('S135', '900102', NULL, 1, 'S', 1, 1, '1108'),
('S136', '902578', NULL, 1, 'S', 1, 1, '1112'),
('S137', '915185', NULL, 1, 'S', 1, 1, '1116'),
('S138', '908353', NULL, 1, 'S', 1, 1, '1120'),
('S139', '906206', NULL, 1, 'S', 1, 1, '1124'),
('S140', '400291', NULL, 1, 'S', 1, 1, '1128'),
('S141', '900205', NULL, 1, 'S', 1, 1, '1132'),
('S142', '2301564', NULL, 1, 'S', 1, 1, '1136'),
('S143', '909656', NULL, 1, 'S', 1, 1, '1140'),
('S144', '400256', 'L01388058', 3, 'S', 1, 1, '1144'),
('S201', '2800123', 'A01634515', 3, 'S', 2, 1, '1201'),
('S202', '2800106', 'A01633753', 3, 'S', 2, 1, '1205'),
('S203', '400293', 'A01634995', 3, 'S', 2, 1, '1209'),
('S204', '400251', 'A01634176', 3, 'S', 2, 1, '1213'),
('S205', '2301600', 'A01634145', 3, 'S', 2, 1, '1217'),
('S206', '400299', 'A01634143', 3, 'S', 2, 1, '1221'),
('S207', '906942', 'A01634173', 3, 'S', 2, 1, '1225'),
('S208', '2800146', 'A01634127', 3, 'S', 2, 1, '1229'),
('S209', '400295', 'A01634517', 3, 'S', 2, 1, '1233'),
('S210', '2800139', 'A01634178', 3, 'S', 2, 1, '1237'),
('S211', '2301598', 'A01633770', 3, 'S', 2, 1, '1241'),
('S212', '908999', 'A01633790', 3, 'S', 2, 1, '1202'),
('S213', '2301599', 'A01634137', 3, 'S', 2, 1, '1206'),
('S214', '400252', 'A01634155', 3, 'S', 2, 1, '1210'),
('S215', '400297', 'A01634154', 3, 'S', 2, 1, '1214'),
('S216', '908347', 'A01634133', 3, 'S', 2, 1, '1218'),
('S217', '400300', 'A01634177', 3, 'S', 2, 1, '1222'),
('S218', '2300817', 'A01635200', 3, 'S', 2, 1, '1226'),
('S219', '2301594', 'A01634167', 3, 'S', 2, 1, '1230'),
('S220', '2301568', 'A01633774', 3, 'S', 2, 1, '1234'),
('S221', '2301563', 'A01634874', 3, 'S', 2, 1, '1238'),
('S222', '914745', 'A01634135', 3, 'S', 2, 1, '1242'),
('S223', '400276', 'A01633771', 3, 'S', 2, 1, '1203'),
('S224', '2301590', 'A01634513', 3, 'S', 2, 1, '1207'),
('S225', '400285', 'A01634149', 3, 'S', 2, 1, '1211'),
('S226', '907134', 'A01634136', 3, 'S', 2, 1, '1215'),
('S227', '400278', 'A01633787', 3, 'S', 2, 1, '1219'),
('S228', '900800', NULL, 1, 'S', 2, 1, '1223'),
('S229', '2800105', NULL, 1, 'S', 2, 1, '1227'),
('S230', '903748', NULL, 1, 'S', 2, 1, '1231'),
('S231', '911522', NULL, 1, 'S', 2, 1, '1235'),
('S232', '2800135', NULL, 1, 'S', 2, 1, '1239'),
('S233', '905891', NULL, 1, 'S', 2, 1, '1243'),
('S234', '2302324', NULL, 1, 'S', 2, 1, '1204'),
('S235', '2301586', NULL, 1, 'S', 2, 1, '1208'),
('S236', '400271', NULL, 1, 'S', 2, 1, '1212'),
('S237', '400288', NULL, 1, 'S', 2, 1, '1216'),
('S238', '900088', NULL, 1, 'S', 2, 1, '1220'),
('S239', '400268', NULL, 1, 'S', 2, 1, '1224'),
('S240', '909463', NULL, 1, 'S', 2, 1, '1228'),
('S241', '914963', NULL, 1, 'S', 2, 1, '1232'),
('S242', '400290', NULL, 1, 'S', 2, 1, '1236'),
('S243', '2301581', NULL, 1, 'S', 2, 1, '1240'),
('S244', '400273', NULL, 1, 'S', 2, 1, '1244'),
('S301', '914738', 'A01633318', 3, 'S', 3, 1, '1301'),
('S302', '400259', 'A01632672', 3, 'S', 3, 1, '1305'),
('S303', '911773', 'A01633006', 3, 'S', 3, 1, '1309'),
('S304', '911139', 'A01633320 ', 3, 'S', 3, 1, '1313'),
('S305', '400287', 'A01632424', 3, 'S', 3, 1, '1317'),
('S306', '400289', 'A01632677', 3, 'S', 3, 1, '1321'),
('S307', '2301582', 'A01632690', 3, 'S', 3, 1, '1325'),
('S308', '2800111', 'A01632570', 3, 'S', 3, 1, '1329'),
('S309', '2301566', 'A01632233', 3, 'S', 3, 1, '1302'),
('S310', '2800119', 'A01632864', 3, 'S', 3, 1, '1306'),
('S311', '2301597', 'A01632229', 3, 'S', 3, 1, '1310'),
('S312', '400272', 'A01632427', 3, 'S', 3, 1, '1314'),
('S313', '902824', 'A01632873', 3, 'S', 3, 1, '1318'),
('S314', '400266', 'A01632413', 3, 'S', 3, 1, '1322'),
('S315', '400255', '', 1, 'S', 3, 1, '1326'),
('S316', '907030', 'A01632230', 3, 'S', 3, 1, '1330'),
('S317', '2301569', 'A01632221', 3, 'S', 3, 1, '1303'),
('S318', '911495', 'A01632228', 3, 'S', 3, 1, '1307'),
('S319', '2800112', NULL, 1, 'S', 3, 1, '1311'),
('S320', '400280', NULL, 1, 'S', 3, 1, '1315'),
('S321', '911176', NULL, 1, 'S', 3, 1, '1319'),
('S322', '2800128', NULL, 1, 'S', 3, 1, '1323'),
('S323', '2301596', 'A01632444', 3, 'S', 3, 1, '1327'),
('S324', '400267', NULL, 1, 'S', 3, 1, '1331'),
('S325', '400283', NULL, 1, 'S', 3, 1, '1304'),
('S326', '400294', NULL, 1, 'S', 3, 1, '1308'),
('S327', '400269', NULL, 1, 'S', 3, 1, '1312'),
('S328', '911458', NULL, 1, 'S', 3, 1, '1316'),
('S329', '919884', NULL, 1, 'S', 3, 1, '1320'),
('S330', '903389', NULL, 1, 'S', 3, 1, '1324'),
('S331', '2301591', NULL, 1, 'S', 3, 1, '1328'),
('S332', '2800118', NULL, 1, 'S', 3, 1, '1332'),
('S401', '910125', NULL, 1, 'S', 4, 1, '1401'),
('S402', '2301567', NULL, 1, 'S', 4, 1, '1405'),
('S403', '911509', NULL, 1, 'S', 4, 1, '1409'),
('S404', '2301562', NULL, 1, 'S', 4, 1, '1413'),
('S405', '2301588', NULL, 1, 'S', 4, 1, '1417'),
('S406', '910712', NULL, 1, 'S', 4, 1, '1421'),
('S407', '2800134', NULL, 1, 'S', 4, 1, '1425'),
('S408', '2800148', NULL, 1, 'S', 4, 1, '1429'),
('S409', '400263', NULL, 1, 'S', 4, 1, '1402'),
('S410', '2800124', NULL, 1, 'S', 4, 1, '1406'),
('S411', '400296', NULL, 1, 'S', 4, 1, '1410'),
('S412', '2301595', NULL, 1, 'S', 4, 1, '1414'),
('S413', '2301592', NULL, 1, 'S', 4, 1, '1418'),
('S414', '400262', NULL, 1, 'S', 4, 1, '1422'),
('S415', '910672', NULL, 1, 'S', 4, 1, '1426'),
('S416', '910114', NULL, 1, 'S', 4, 1, '1430'),
('S417', '2301583', NULL, 1, 'S', 4, 1, '1403'),
('S418', '911260', NULL, 1, 'S', 4, 1, '1407'),
('S419', '400284', NULL, 1, 'S', 4, 1, '1411'),
('S420', '400298', NULL, 1, 'S', 4, 1, '1415'),
('S421', '2800102', NULL, 1, 'S', 4, 1, '1419'),
('S422', '2800109', NULL, 1, 'S', 4, 1, '1423'),
('S423', '2301585', NULL, 1, 'S', 4, 1, '1427'),
('S424', '911433', NULL, 1, 'S', 4, 1, '1431'),
('S425', '911233', NULL, 1, 'S', 4, 1, '1404'),
('S426', '2301570', NULL, 1, 'S', 4, 1, '1408'),
('S427', '400260', NULL, 1, 'S', 4, 1, '1412'),
('S428', '400286', NULL, 1, 'S', 4, 1, '1416'),
('S429', '400282', NULL, 1, 'S', 4, 1, '1420'),
('S430', '911223', NULL, 1, 'S', 4, 1, '1424'),
('S431', '400254', NULL, 1, 'S', 4, 1, '1428'),
('S432', '910053', NULL, 1, 'S', 4, 1, '1432');

-- --------------------------------------------------------

--
-- Estructura de tabla para la tabla `crol`
--

CREATE TABLE `crol` (
  `folio` int(11) NOT NULL,
  `descripcion` varchar(100) NOT NULL,
  `sta` int(1) NOT NULL
) ENGINE=InnoDB DEFAULT CHARSET=latin1;

--
-- Volcado de datos para la tabla `crol`
--

INSERT INTO `crol` (`folio`, `descripcion`, `sta`) VALUES
(1, 'Administrador', 1),
(2, 'Usuario', 1);

-- --------------------------------------------------------

--
-- Estructura de tabla para la tabla `ctarget`
--

CREATE TABLE `ctarget` (
  `id` int(11) NOT NULL,
  `id_user` int(11) NOT NULL,
  `vencimiento` date NOT NULL,
  `valor` int(11) NOT NULL,
  `estatus` int(1) NOT NULL DEFAULT '0'
) ENGINE=MyISAM DEFAULT CHARSET=utf8 COLLATE=utf8_unicode_ci;

--
-- Volcado de datos para la tabla `ctarget`
--

INSERT INTO `ctarget` (`id`, `id_user`, `vencimiento`, `valor`, `estatus`) VALUES
(15, 59, '2017-11-27', 10000, 1),
(17, 59, '2017-11-27', 10000, 1),
(16, 59, '2017-11-27', 10000, 1),
(18, 59, '2017-11-30', 10000, 1),
(19, 59, '2017-11-30', 10000, 1),
(20, 59, '2017-11-30', 10000, 1),
(21, 92, '2017-12-07', 15000, 1),
(22, 92, '2017-12-07', 15000, 1),
(23, 92, '2017-12-07', 15000, 1),
(24, 64, '2017-12-08', 15000, 1),
(25, 64, '2017-12-08', 15000, 1),
(26, 64, '2017-12-08', 15000, 1),
(27, 64, '2017-12-08', 15000, 1),
(28, 64, '2017-12-08', 15000, 1),
(29, 64, '2017-12-08', 15000, 1),
(30, 64, '2017-12-08', 15000, 1),
(31, 64, '2017-12-08', 15000, 1),
(32, 64, '2017-12-08', 15000, 1),
(33, 64, '2017-12-08', 15000, 1),
(34, 64, '2017-12-08', 15000, 1),
(35, 64, '2017-12-08', 15000, 1),
(36, 64, '2017-12-08', 15000, 1),
(37, 64, '2017-12-08', 15000, 1),
(38, 64, '2017-12-08', 15000, 1),
(39, 92, '2017-12-09', 15000, 1),
(40, 87, '2017-12-13', 15000, 1),
(41, 87, '2017-12-13', 15000, 1),
(42, 87, '2017-12-13', 15000, 1),
(43, 87, '2017-12-13', 15000, 1),
(44, 87, '2017-12-13', 15000, 1),
(45, 87, '2017-12-13', 15000, 1),
(46, 87, '2017-12-13', 15000, 1),
(47, 87, '2017-12-13', 15000, 1),
(48, 87, '2017-12-13', 15000, 1),
(49, 87, '2017-12-13', 15000, 0),
(50, 87, '2017-12-13', 15000, 0),
(51, 87, '2017-12-13', 15000, 0);

-- --------------------------------------------------------

--
-- Estructura de tabla para la tabla `cuser`
--

CREATE TABLE `cuser` (
  `Nomina` varchar(10) NOT NULL,
  `nom` varchar(50) DEFAULT NULL,
  `correo` varchar(100) NOT NULL,
  `rol` int(10) NOT NULL,
  `fe_alta` varchar(8) DEFAULT NULL,
  `hr_alta` varchar(5) DEFAULT NULL,
  `sta` varchar(1) DEFAULT NULL
) ENGINE=MyISAM DEFAULT CHARSET=utf8;

--
-- Volcado de datos para la tabla `cuser`
--

INSERT INTO `cuser` (`Nomina`, `nom`, `correo`, `rol`, `fe_alta`, `hr_alta`, `sta`) VALUES
('L03053921', 'Luis Ramiro Ochoa Torres', 'luis.ochoa@itesm.mx', 1, NULL, NULL, '1'),
('L00311696', 'lng. Reyes', 'freyes@itesm.mx', 1, NULL, NULL, '1'),
('L01203687', 'María Magdalena López Huizar', 'magdalenal@itesm.mx', 1, NULL, NULL, '1'),
('L01117358', 'Gildardo Guzmán Vargas', 'gilguzman@itesm.mx', 1, NULL, NULL, '1'),
('L01013797', 'Hector Luis Aldrete Ayala', 'aldrete@itesm.mx', 1, NULL, NULL, '1'),
('L01388058', 'Jesús Alberto Sotomayor', 'sotomayor.jesus@itesm.mx', 1, NULL, NULL, '1'),
('L01221523', 'Felipe de Jesús Bailón Oliden', 'felipe.bailon@itesm.mx', 1, NULL, NULL, '1'),
('L03034363', 'Araceli González Frías', 'araceligf@itesm.mx', 1, NULL, NULL, '1');

-- --------------------------------------------------------

--
-- Estructura de tabla para la tabla `dlockers`
--

CREATE TABLE `dlockers` (
  `id` int(10) NOT NULL,
  `id_locker` varchar(10) NOT NULL,
  `matricula` varchar(10) NOT NULL,
  `correo` varchar(200) NOT NULL,
  `carrera` varchar(250) NOT NULL,
  `nombre` varchar(200) NOT NULL
) ENGINE=InnoDB DEFAULT CHARSET=latin1;

--
-- Volcado de datos para la tabla `dlockers`
--

INSERT INTO `dlockers` (`id`, `id_locker`, `matricula`, `correo`, `carrera`, `nombre`) VALUES
(44, 'A1120', 'A01226494', 'rodrigocuevas17@hotmail.com', 'Comunicación', 'Rodrigo Cuevas De La Cruz'),
(45, 'A3102', 'A01228508', 'a01228508@itesm.mx', 'IBT', 'Samuel Ortega Cruz'),
(46, 'A2113', 'A01632717', 'A01632717@itesm.mx', 'LRI', 'Luz Elena González Zepeda'),
(47, 'M221', 'A01654734', 'a01654734@itesm.mx', 'IBT17', 'Edgar Fernando Sánchez Bribiesca'),
(48, 'A5133', 'A01633723', 'A01633723@itesm.mx', 'Prepa Tec Multicultural', 'Juan Pablo'),
(49, 'A6303', 'A01631816', 'a01631816@itesm.mx', 'PBB', 'Santiago Gabriel Vallejo Garcia'),
(50, 'A5132', 'A01633724', 'A01633724@itesm.mx', 'Prepa Tec Multicultural', 'Luis Angel'),
(51, 'A1110', 'A01227381', 'francisco.javier.1994@hotmail.com', 'arquitectura', 'francisco javier silva baeza'),
(52, 'A6226', 'A01635752', 'mauriciomfom@hotmail.com', 'Preparatoria', 'Mauricio Fabián Oliveros Magallón'),
(53, 'A6319', 'A01631574', 'a01631574@itesm.mx', 'PBB', 'Citlally Guadalupe Zavala Galindo'),
(55, 'A1112', 'A01228288', 'pinedanapaula@hotmail.com', 'LCMD', 'Ana Paula Pineda'),
(56, 'A1107', 'A01228941', 'nporrasgarcia@gmail.com', 'LRI', 'Natalia Paola Porras García '),
(57, 'A6335', 'A01630732', 'a01630732@itesm.mx', 'PBB', 'María Fernanda Chamorro'),
(58, 'A6236', 'A01632836', 'A01632836@itesm.mx', 'PTM14', 'Isaac Ochoa Walker'),
(59, 'A6234', 'A01632591', 'A01632591@itesm.mx', 'PTM14', 'Sofía González Mora'),
(60, 'A3127', 'A01631651', 'a01631651@itesm.mx', 'IMT', 'Moises Alejandro Garcia Perez'),
(61, 'A6344', 'A01630792', 'a01630792@itesm.mx', 'PBB', 'Hiromi Angélica Kaneko'),
(62, 'A6318', 'A01632478', 'P103418@icloud.com', 'Pbb', 'pablo cesar gomez'),
(63, 'A2112', 'A01632758', 'jomonse@gmail.com', 'Ramirez', 'Monserrat'),
(64, 'A6337', 'A01630742', 'A01630742@itesm.mx', 'PBB', 'Alexa Michelle Estrada Molina'),
(65, 'I135', 'A01225325', 'martha_m018@hotmail.com', 'LDI', 'Ingrid Mendoza'),
(66, 'A2118', 'A01363997', 'jonacabrerab@hotmail.com', 'ITE', 'Jonatan Cabrera '),
(67, 'A1109', 'A01229478', 'A01229478@itesm.mx', 'Ingeniería Industrial y de Sistemas', 'Javier Rivas Hernández'),
(68, 'A3123', 'A01223569', 'robertoviteruiz@hotmail.com', 'BME', 'Roberto Vite'),
(69, 'A5125', 'A01632464', 'donaxims@gmail.com', 'PTM', 'Andrea Donaxi Madrigal Salazar'),
(70, 'A5127', 'A01633562', 'a01633562@itesm.mx', 'PTM', 'Ana Paula Campos Moreno'),
(71, 'A5128', 'A01632476', 'a01632476@itesm.mx', 'PTM', 'Paola Cisneros González'),
(72, 'A5124', 'A01632523', 'a01632523@itesm.mx', 'PTM', 'ALEJANDRA SOFIA DELGADO TELLES'),
(74, 'A1117', 'A01630602', 'a01630602@itesm.mx', 'LED', 'A01630602'),
(75, 'A6312', 'A01631115', 'a01631115@itesm.mx', 'Preparatoria', 'Daniela Flores Dominguez '),
(76, 'A5110', 'A01632535', 'A01632535@itesm.mx', 'PTM', 'Javier Alejandro Morales Rivadeneyra'),
(77, 'A6121', 'A01632564', 'A01632564@itesm.mx', 'PBB14', 'Uzi Silem Cuevas Moreno'),
(78, 'A6204', 'A01632482', 'a01632482@itesm.mx', 'Prepa Tec', 'Victoria Elizabeth Laureano Vega'),
(79, 'A2211', 'A01227744', 'a01227744@itesm.mx', 'IMT', 'Francisco Ramón Castro García'),
(80, 'A6306', 'A01631091', 'A01631091@itesm.mx', 'PPB', 'Andrés Macías Ramírez'),
(81, 'A5322', 'A01633700', 'A01633700@itesm.mx', 'Preparatoria ', 'Alejandra Sofía Camacho Gómez '),
(82, 'A5443', 'A01633807', 'A01633807@itesm.mx', 'Preparatoria ', 'Alexa Corona '),
(83, 'A5424', 'A01634050', 'a01634050@itesm.mx', 'Preparatoria', 'Manuel Enrique Abitia León'),
(84, 'A5424', 'A01634050', 'a01634050@itesm.mx', 'Preparatoria', 'Manuel Enrique Abitia León'),
(85, 'A6124', 'A01632658', 'A01632658@itesm.mx', 'Preparatoria ', 'Daniela Vargas'),
(86, 'A6332', 'A01631493', 'fatimaalejandra1311@gmail.com', 'Prepa ', 'Fátima Alejandra Tapia Soto'),
(87, 'A5129', 'A01633796', 'A01633796@itesm.mx', 'Preparatoria', 'Jaia Joana Alvarado Islas'),
(88, 'A6428', 'A01630984', 'A01630984@itesm.mx', 'Prepa', 'Erika Cervantes '),
(90, 'A5448', 'A01634621', 'A01634621@itesm.mx', 'Preparatoria', 'Daniel Cuéllar'),
(91, 'A6307', 'A01631562', 'samantales@icloud.com', 'Prepa', 'Samantha Roselly Ledesma Gonzalez'),
(95, 'A6218', 'A01632202', 'a01632202@itesm.mx', 'Preparatoria', 'Eduardo Esteva Camacho'),
(96, 'A6122', 'A01633381', 'A01633381@itesm.mx', 'PBB14', 'Diane Isadora Galván Rendòn '),
(97, 'A6111', 'A01634219', 'A01634219@itesm.mx', 'PBB14', 'Tania Fernanda Garay Barragán '),
(98, 'A6127', 'A01632544', 'A01632544@itesm.mx', 'Prepa', 'Luis Carlos Altamirano Casillas'),
(99, 'A6436', 'A01630857', 'a01630857@itesm.mx', ' PrepaTec 6to semestre Multicultural ', 'Andrea Fernanda Gómez Bracamontes'),
(102, 'A5434', 'A01634070', 'a01634070@itesm.mx', 'Preparatoria Bicultural', 'Sergio Emanuel Franco Vázquez'),
(104, 'A6207', 'A01633472', 'oscararmando.sa@gmail.com', 'Prepa Tec Bicultural', 'Oscar Armando Sánchez Arellano'),
(105, 'A6206', 'A01632648', 'A01632648@itesm.mx', 'Prepa Tec Bicultural', 'David Alejandro Velazquez Valdez'),
(106, 'A6106', 'A01274822', 'ad.sek10k@gmail.com', 'Prepa Tec Bicultural', 'Angel Daniel Sanchez Enriquez'),
(107, 'A5350', 'A01634810', 'a01634810@itesm.mx', 'Prepa Tec PBB', 'Martin Sánchez Enriquez '),
(111, 'A6216', 'A01631000', 'a01631000@itesm.mx', 'PBB', 'Leonardo Santos Vera'),
(112, 'A6112', 'A01633147', 'A01633147@itesm.mx', 'PBB', 'Tania Yareli Vázquez Ramírez '),
(113, 'A6248', 'A01632635', 'a01632635@itesm.mx', 'PTM', 'Jennyfer '),
(114, 'A6110', 'A01365524', 'a01365524@itesm.mx', 'Prepa Multicultural', 'Juan Pablo Bañuelos Mayer'),
(116, 'A5355', 'A01634100', 'A01634100@itesm.mx', 'PBB', 'Rodrigo Ramírez Chacón'),
(117, 'A1122', 'A01227650', 'boridi14@hotmail.com', 'LIN', 'DIana Rivera '),
(118, 'A1121', 'A01228385', 'holakarime98@hotmail.com', 'Mercadotecnia', 'Karime Galván '),
(119, 'A1122', 'A01227650', 'boridi14@hotmail.com', 'LIN', 'DIana Rivera '),
(120, 'A6231', 'A01632624', 'A01632624@itesm.mx', 'Preparatoria', 'Lidia Yazmin Caballero Cárdenas'),
(121, 'A5431', 'A01634782', 'A01634782@itesm.mx', 'Preparatoria', 'José Eduardo De Moraes López'),
(122, 'A5316', 'A01635019', 'A01635019@itesm.mx', 'PrepaTec', 'Emilio Ríos Fernández '),
(123, 'A3109', 'A01634353', 'a01634353@itesm.mx', 'Animación y arte digital ', 'Marcia Elena Ramos Murray'),
(124, 'A3109', 'A01634353', 'a01634353@itesm.mx', 'Animación y arte digital ', 'Marcia Elena Ramos Murray'),
(125, 'A5135', 'A01634774', 'A01634774@itesm.mx', 'PBB', 'Francia'),
(126, 'A5204', 'A01633814', 'superdannygomez@gmail.com', 'Preparatoria', 'Daniela Gómez Moreno'),
(127, 'A2217', 'A01634762', 'A01634762@itesm.mx', 'LAE', 'Brando Giovanni Zermeño Guerra '),
(128, 'A2213', 'A01228159', 'andres_cotto@hotmail.com', 'BME', 'Andres'),
(129, 'A1123', 'A01336209', 'A01336209@itesm.mx', 'LAD', 'Alexa Jovana Santos Carreón'),
(130, 'A2321', 'A01228347', 'A01228347@itesm.mx', 'Mecatrónica Internacional', 'José Guillermo Escobedo Díaz de Sandi'),
(131, 'A5250', 'A01634214', 'A01634214@itesm.mx', 'Prepa', 'Gerardo Escobedo Díaz de Sandi'),
(132, 'A2116', 'A01631714', 'nlr560@hotmail.com', 'Ima', 'Nallely Lomelí Rubio'),
(133, 'A2215', 'A01229730', 'A01229730@itesm.mx', 'IMT', 'Alejandra Estephania Jacobo Gomez'),
(134, 'A2418', 'A01229658', 'irvinaab@gmail.com', 'ISC', 'Irvin AlejandroIr Arellano Bobadilla'),
(135, 'A2212', 'A01229274', 'A01229274@itesm.mx', 'Ingeniería en Sistemas Computacionales', 'Sergio Ivan Tostado Nieto '),
(136, 'A6130', 'A01633322', 'misael14723@hotmail.com', 'Prepa Tec', 'Misael Gerardo Cruz Flores'),
(137, 'A2216', 'A01634947 ', 'A01634947@itesm.mx', 'IMT', 'Juan Carlos'),
(138, 'S204', 'A01634176', 'A01634176@itesm.mx', 'Preparatoria', 'Fernando Nuñez hernandez'),
(139, 'A1124', 'A01631721', 'a01631721@itesm.mx', 'Ite', 'Jenifer Romero'),
(140, 'I206', 'A01635093', 'A01635093@itesm.mx', 'ISC', 'José Adolfo Sánchez Micalco'),
(142, 'A2208', 'A01633900', 'a01633900@itesm.mx', 'LAE', 'Daniel Ramos Oliva'),
(143, 'A5222', 'A01634976', 'kbgg12@outlook.es', 'Preparatoria ', 'Brigit Gallegos'),
(145, 'A3116', 'A01228143', 'A01228143@itesm.mx', 'Arquitectura', 'Mayte luna'),
(146, 'A2422', 'A00344480', 'A00344480@itesm.mx', 'IC', 'Sergio'),
(147, 'A2310', 'A01630227', 'A01630227@itesm.mx', 'LED', 'Karen Alhelí Velez Barragán'),
(149, 'A3115', 'A01228154', 'A01228154@itesm.mx', 'LAE', 'Kaori Inukai'),
(150, 'A3117', 'A00344396', 'jpablomtzman@hotmail.com', 'Ingenieria civil', 'Juan Pablo Martinez Mancilla'),
(151, 'A6125', 'A01635257', 'a01635257@itesm.mx', 'Prepa', 'Angel Alcaraz'),
(152, 'S215', 'A01634154', 'diegorosas.r22@live.com.mx', 'Semestre 2', 'Diego Rosas'),
(153, 'A2223', 'A01228585', 'a01228585@itesm.mx', 'Licenciatura en Animación y Arte digital', 'Nereida'),
(155, 'A6108', 'A01634978', 'vagonzalezs0511@gmail.com', 'PrepaTec', 'Víctor Andrés González Saldaña'),
(156, 'A3117', 'A00344396', 'jpablomtzman@hotmail.com', 'Ingenieria civil', 'Juan Pablo Martinez Mancilla'),
(159, 'A2209', 'A01227678', 'kiyomi.kaneko@hotmail.com', 'LRI', 'Kiyomi Kaneko '),
(160, 'A6131', 'A01633303 ', 'a01633303@itesm.mx', 'Preparatoria', 'Hazael'),
(161, 'S212', 'A01633790', 'a01633790@itesm.mx', 'PrepaTEC', 'Guillermo Tafoya Milo'),
(162, 'A6239', 'A01632841', 'a01632841@itesm.mx', 'Preparatoria', 'Sofia Bustos Hernandez'),
(163, 'A6133', 'A01630770', 'gard.rodz@gmail.com', 'PBB', 'Gilberto Rocha'),
(164, 'A6240', 'A01632555', 'a01632555@itesm.mx', 'Preparatoria ', 'Valeria Ulloa González '),
(165, 'A6134', 'A01632008', 'vianneygalv20@gmail.com', 'PBB', 'Vianney Guadalupe Parra Galván'),
(166, 'A2431', 'A01250527', 'A01250527@Itesm.mx', 'IIS', 'José Rodrigo Cano'),
(167, 'A6241', 'A01632465', 'A01632465@itesm.mx', 'preparatoria ', 'Daniela Medina López '),
(168, 'A6135', 'A01633314', 'dani17.00@outlook.com', 'PBB', 'Daniela Santiago Bravo'),
(170, 'A5119', 'A01632600', 'A01632600@itesm.mx', 'PBB', 'Andrea Denisse Avila González'),
(171, 'A6243', 'A01632596', 'A01632596@itesm.mx', 'preparatoria - PBB', 'Raquel Alejandra Ramirez Valencia'),
(172, 'A2406', 'A01630336', 'luisleo181196@hotmail.com', 'IMT', 'Leobardo Gómez'),
(173, 'A6345', 'A01022842', 'a01022842@itesm.mx', 'PBB', 'Pamela Soto'),
(174, 'A6327', 'A01631527', 'danielmorens@hotmail.com', 'Preparatoria', 'Daniel'),
(175, 'A6136', 'A01631104', 'lizzy.g.rmz@gmail.com', 'PBB', 'Ana Lizbeth González'),
(176, 'S308', 'A01632570', 'a01632570@itesm.mx', 'PTM14', 'Diego Rodriguez '),
(177, 'A5438', 'A01633730', 'andreamorelos2002@gmail.com', 'PTM', 'María Andrea Morelos'),
(178, 'S206', 'A01634143', 'A01634143@itesm.com', '2do semestre', 'Yunuén Huerta Luna '),
(179, 'A6126', 'A01630738', 'julioarath@gmail.com', 'PBB', 'Julio Arath Rosales Oliden'),
(180, 'A6244', 'A01632199', 'a01632199@itesm.mx', 'Preparatoria', 'Vanessa Elizabeth Alvarez Avila'),
(181, 'A6415', 'A01632453', 'ivanduran2009@hotmail.com', 'Prepa Tec', 'Fernando Duran'),
(182, 'A5136', 'A01634231', 'a01634231@itesm.mx', ' PPT', 'Itzy Virginia Herrera Saucedo'),
(183, 'A5439', 'A01633808', 'A01633808@itesm.mx', 'PTM14', 'Luis Daniel Davalos Ramirez'),
(185, 'A5440', 'A01634531', 'ximenabenavides89@gmail.com', 'PTM', 'Andrea Ximena Benavides Hernandez'),
(186, 'A3105', 'A01364800', 'cinthyarosas3@gmail.com', 'BIE', 'Cinthya Mireya Rosas Casanova '),
(187, 'A2201', 'A01228572', 'A01228572@itesm.mx', 'IMT', 'Josue Reyes Alvarado'),
(188, 'A6245', 'A01632204', 'A01632204@itesm.mx', 'Prepa', 'Paola Sofía Jiménez Quezada'),
(189, 'S208', 'A01634127', 'A01634127@itesm.mx', 'Prepa Tec Santa Anita', 'Gabriel Caballero de Alba'),
(190, 'A5242', 'A01634261', 'a01634261@itesm.mx', 'Prepan PTM', 'Miranda Posos  Parra'),
(191, 'A3113', 'A01227666', 'A01227666@itesm.mx', 'BIE', 'Leslie Miranda Damián '),
(192, 'A6250', 'A01632459', 'A01632459@itesm.mx', 'Preparatoria ', 'Valeria Huerta Gutiérrez '),
(193, 'A5102', 'A01632172', 'a01632172@itesm.mx', 'PTM', 'Francisco Arriaga'),
(194, 'A5243', 'A01634569', 'a01634569@itesm.mx', 'Prepa PTM', 'Natalia Sofía Orozco Martínez'),
(195, 'A5475', 'A01634223', 'a01634223@itesm.mx', 'Preparatoria', 'Sergio Fabián González Tejeda'),
(196, 'A5440', 'A01634531', 'ximenabenavides89@gmail.com', 'PTM', 'Andrea Ximena Benavides Hernandez'),
(197, 'S207', 'A01634173', 'A01634173@itesm.mx', '2o semestre', 'José María Iturbe Miramontes'),
(198, 'A6128', 'A01632845', 'a01632845@itesm.mx', 'PBB', 'Ana Inés López'),
(199, 'A5220', 'A01634076', 'A01634076@itesm.mx', 'Prepa PTM', 'María José González Ruiz Velasco '),
(200, 'A5244', 'A01634815', 'a01634815@itesm.mx', 'Prepa PTM', 'Gloria Mariana Vazquez Orozco'),
(201, 'A5219', 'A01634271', 'A01634271@itesm.mx', 'estudiante', 'Andrea Romo Valenzuela'),
(202, 'A6242', 'A01632620', 'A01632620@itesm.mx', 'preparatoria', 'Itzel Vázquez Orozco'),
(203, 'A5139', 'A01632499', 'a01632499@itesm.mx', 'PTM', 'Cecilia González Galindo'),
(204, 'A6435', 'A01630782', 'A01630782@itesm.mx', 'Prepa Multicultural', 'Montserrat Hernández Santos'),
(205, 'A6247', 'A01632636', 'A01632636@itesm.mx', 'Preparatoria', 'Marisol Melendres Muñoz'),
(206, 'A6247', 'A01632467', 'A01632467@itesm.mx', 'preparatoria', 'Elizabeth'),
(207, 'A5123', 'A01632539', 'A01632539@itesm.mx', 'Estudiante', 'Natalia Robles Arreola '),
(208, 'A6145', 'A01632631', 'a01632631@itesm.mx', 'preparatoria', 'José Ricardo Hernández'),
(210, 'A5447', 'A01634218', 'a01634218@itesm.mx', 'Prepa', 'Natalia Gamboa'),
(211, 'A5444', 'A01634553', 'A01634553@itesm.mx', 'Prepa Bicultural', 'Francesca Hernández Santos'),
(212, 'A5436', 'A01634258', 'a01634258@itesm.mx', 'Prepa', 'Aida Airy'),
(213, 'A5122', 'A01632645', 'A01632645@itesm.mx', 'Estudiante', 'Ana Gardenia Vallejo Rodriguez'),
(214, 'A6238', 'A01632508', 'A01632508@itesm.mx', 'PTM', 'Marisol Radillo Gómez'),
(215, 'A6237', 'A01632626', 'A01632626@itesm.mx', 'PTM', 'Megan Chairez Schieble'),
(216, 'S205', 'A01634145', 'A01634145@itesm.mx', 'Segundo semestre', 'Luis Lagos Castelblanco'),
(217, 'A5410', 'A01633812', 'a01633812@itesm.mx', 'Preparatoria', 'Ernesto Godinez Medina'),
(218, 'A5426', 'A01634792', 'A01634792@itesm.mx', 'Prepa Tec', 'Juan Luis Mendoza Jr'),
(219, 'A6434', 'A01631960', 'a01631960@itesm.mx', 'Prepa Tec Multicultural', 'Annia Zavala'),
(221, 'A6249', 'A01632480', 'A01632480@itesm.mx', 'PTB', 'Sandro Darío Guzmán Hernández'),
(223, 'S213', 'A01634137', 'a01634137@itesm.mx', 'PrepaTEC', 'Jorge Fikentscher'),
(224, 'S214', 'A01634155', 'A01634155@itesm.mx', 'Prepa ', 'America Sanchez Ceja '),
(225, 'A2220', 'A01227694', 'a01227694@itesm.mx', 'ITE', 'Ingrid Chan'),
(226, 'A3118', 'A01209555', 'A01209555@itesm.mx', 'LDI', 'Constanza Berber Culebro'),
(227, 'S227', 'A01633787', 'A01633787@itesm.mx', 'Preparatoria', 'Grecia del Carmen Sánchez Rodríguez'),
(229, 'A5140', 'A01632456', 'A01632456@itesm.mx', '', ''),
(230, 'A6420', 'A01632793', 'a01632793@itesm.mx', 'Prepa', 'Johana Angélica Becerril Jaime'),
(231, 'A6265', 'A01633308', 'A01633308@itesm.mx', 'Prepa', 'Jesus Alonso'),
(232, 'A2408', 'A01634022', 'A01634022@itesm.mx', 'IMT', 'Esteban Pérez'),
(233, 'A2221', 'A01228794', 'nancy17798@gmail.com', 'LEm', 'Nancy Candanosa'),
(234, 'A5145', 'A01632643', 'a01632643@itesm.mx', 'PTM', 'Emilia Salazar'),
(235, 'A6419', 'A01632634', 'a01632634@itesm.mx', 'Prepa MTP', 'Andrea Yazmín López Sánchez '),
(236, 'A2426', 'A01633860', 'a01633860@itesm.mx', 'ISC', 'Diego Cabrera'),
(237, 'A6137', 'A01633378', 'A01633378@itesm.mx', 'PTM', 'Daniela Castro '),
(238, 'A6402', 'A01632545', 'oscar_ap@amayafarms.com', 'Prepa PTM', 'Oscar Andres Amaya Pedrin'),
(239, 'A5435', 'A01634787', 'cmiguel.jmc@gmail.com', 'Preparatoria ', 'Carlos Miguel Jurado Martin del Campo'),
(240, 'A5189', 'A01635013', 'marianamtz209@gmail.com', 'PBB', 'Mariana '),
(241, 'S218', 'A01635200', 'jojulk@hotmail.com', 'preparatoria', 'Jose Julio Lule Jimenez'),
(242, 'S217', 'A01634177', 'marsheloroz@hotmail.com', 'Preparatoria', 'Jose de Jesus Orozco Esparza'),
(243, 'S216', 'A01634133', 'A01634133@itesm.mx', 'Preparatoria', 'Abraham De Alba Franco'),
(244, 'A5412', 'A01634115', 'a01634115@itesm.mx', 'Prepa', 'Arath Benjamin '),
(245, 'A5484', 'A01635007', 'a01635007@itesm.mx', 'Preparatoria', 'Carlos Emmanuel García López'),
(246, 'A5420', 'A01634290', 'a01634290@itesm.mx', 'Prepa Tec', 'Jorge Ramón Zúñiga Zamudio'),
(247, 'A5432', 'A01634777', 'a01634777@itesm.mx', 'Preparatoria', 'Salvador Fernando Camacho Hernandez'),
(248, 'A5454', 'A01634630', 'A01634630@itesm.mx', 'Prepa', 'Jorge carrillo castro'),
(249, 'A5472', 'A01634618', 'cesar.chitica.rojas.ivan@gmail.com', 'Preparatoria ', 'Cesar ivan'),
(250, 'S203', 'A01634995', 'cristianverdin.13@gmail.com', 'bicultural', 'Cristian Manuel Flores Verdin'),
(251, 'A2232', 'A01203967', 'A01203967@itesm.mx', 'IMD', 'Jose Ricardo Cuenca'),
(252, 'S219', 'A01634167', 'A01634167@itesm.mx', 'preparatoria', 'Alejandro Flores Madriz'),
(253, 'S220', 'A01633774', 'A01633774@itesm.mx', 'Preparatoria', 'Julián Juárez Padilla'),
(254, 'A2202', 'A01226155', 'a01226155@itesm.mx', 'LAF', 'Carlos Husberto Torres Romero'),
(255, 'A2430', 'A01635164', 'A01635164@itesm.mx', 'IMD', 'Diego Bernardo Sanchez Micalco'),
(256, 'A5304', 'A01275123', 'A01275123@itesm.mx', 'PBB', 'sandy teresa quintero miranda '),
(257, 'A6251', 'A01632196', 'a01632196@itesm.mx', 'Preparatorio PTM', 'Andrea Ramírez Pérez'),
(259, 'A6252', 'A01632603', 'a01632603@itesm.mx', 'Prepa ', 'Juan Alejandro'),
(260, 'A5231', 'A01634786', 'A01634786@itesm.mx', 'Prepa', 'Kennya Dominica Juarez Cariño '),
(261, 'A5450', 'A01635197', 'A01635197@itesm.mx', 'PBB', 'Asela Jocelyn Enriquez Rubio'),
(262, 'A5451', 'A01634798', 'a01634798@itesm.mx', 'PBB', 'Andrea Ortega Ramírez '),
(263, 'A6422', 'A01631097', 'a01631097@itesm.mx', 'PTM', 'Jose antonio ramos perez'),
(264, 'A2219', 'A00344392', 'A00344392@itesm.mx', 'IBT', 'Zaira Hernández'),
(265, 'A6148', 'A01630783', 'a01630783@itesm.mx', 'Prepa tec', 'Andrés Antonio Bravo Orozco'),
(266, 'A6418', 'A01631103 ', 'A01631103@itesm.mx', 'PTM', 'Erick Omar García Vázquez '),
(267, 'A6308', 'A01631497', 'amayadaniel81@gmail.com', 'Ptm', 'Aquiles Daniel Amaya Peña'),
(268, 'A3124', 'A01227869', 'a01227869@itesm.mx', 'LEM', 'Juan Carlos Guízar Ramírez'),
(269, 'A6147', 'A01630766', 'lzambrano49@gmail.com', 'PTM', 'Laura Zambrano'),
(270, 'A3122', 'A01225927', 'alesg97@hotmail.com', 'LIN', 'Ilse Alejandra Salas '),
(271, 'A6144', 'A01633384', 'natal-y@hotmail.es', 'PBB', 'Angela Natalia López Ramirez '),
(272, 'A5141', 'A01632610', 'crazyjaz31@hotmail.com', 'Ptm', 'Mireya Jazmín Gomez Arizaga'),
(273, 'A6324', 'A01631773', 'A01631773@itesm.mx', 'Prepa ', 'Gretel Daniela Valencia Ur;ias '),
(274, 'A5228', 'A01633806', 'a01633806@itesm.mx', 'Prepa Tec', 'Regina Cardona García'),
(275, 'A5323', 'A01633749', 'a01633749@itesm.mx', 'ptm14', 'Sebastian Nicolas Wintgens Zorrero'),
(276, 'A5345', 'A01634091', 'A01634091@itesm.mx', 'ptm14', 'Omar Mondragon Lopez'),
(277, 'A5223', 'A01634090', 'A01634090@itesm.mx', 'ptm14', 'Iván Mondragón López'),
(279, 'A6253', 'A01634071', 'a01634071@itesm.mx', 'Prepa', 'Diego Sebastián García Cabrera '),
(280, 'A5343', 'A01634119', 'A01634119@itesm.mx', 'Preparatoria', 'Juan Pablo bermudez'),
(281, 'A2415', 'A01229503@', 'A01229503@itesm.mx', 'BM', 'Manuel Eduardo Sánchez Zárate '),
(282, 'A6146', 'A01634969', 'A01634969@itesm.mx', 'PBB', 'Audrey'),
(283, 'A6254', 'A01632471', 'a01632471@itesm.mx', 'Prepa', 'Diego Emmanuel Rojas Torres'),
(284, 'A6271', 'A01632621', 'hecrafalac@hotmail.com', 'Prepa cuarto semestre', 'Héctor Rafael Alvarez Aceves'),
(285, 'A6411', 'A01633575', 'A01633575@itesm.mx', 'Preparatoria', 'Valentina Isabel Santoyo Campos'),
(286, 'A5344', 'A01634230', 'A01634230@itesm.mx', 'PBB', 'Renata'),
(287, 'A5354', 'A01634989', 'A01634989@itesm.mx', 'PBB', 'Brenda'),
(288, 'A6432', 'A01630773', 'a01630773@itesm.mx', 'Prepa Tec Multicultural', 'Renata Santana Cacho'),
(289, 'A5227', 'A01634577', 'anapaola_santiago@hotmail.com', 'PBB', 'Ana Paola Santiago Martínez'),
(290, 'A6430', 'A01631111', 'mary-200074@hotmail.com', 'prepa', 'maribel '),
(291, 'A5249', 'A01635316', 'a01635316@itesm.mx', 'Prepa bicultural', 'Uriel Vargas Ruvalcaba'),
(293, 'I157', 'A00369996', 'A00369996@itesm.mx', 'ARQ', 'Juan José Ramírez Ruiz'),
(294, 'A5232', 'A01636087', 'sharilcf23@gmail.com', 'PBB', 'Shari Leilani'),
(295, 'A6431', 'A01631793', 'a01631793@itesm.mx', 'Prepa tec ', 'María Fernanda Muñoz Orozco'),
(296, 'A6321', 'A01631088', 'A01631088@itesm.mx', 'Prepa', 'José Óscar Guillén Cárdenas'),
(297, 'A6320', 'A01631796', 'a01631796@itesm.mx', 'Prepa', 'Juan Antonio'),
(298, 'A6315', 'A01631789', 'A01631789@itesm.mx', 'Prepa', 'Christian Reyes Angulo Aguirre'),
(299, 'A5349', 'A00344648', 'alondramendoza047@gmail.com', 'Preparatoria', 'Alondra'),
(300, 'A5416', 'A01634081', 'adry093@icloud.com', 'PTM', 'Michelle Hernández '),
(301, 'A6143', 'A01631548', 'sophiidh@hotmail.com', 'PBB', 'Sophia Nápoles'),
(302, 'A5351', 'A01635175', 'a01635175@itesm.mx', 'PBB', 'Diego Arath Barranco Ordoñez'),
(303, 'A3120', 'A01229622', 'A01229622@itesm.mx', 'LAE', 'Mariana Ramirez'),
(304, 'A2224', 'A01228025', 'alejandro.cerv.94@gmail.com', 'iis', 'Alejandro Cervantes Nassar '),
(306, 'A5120', 'A01634793', 'a01634793@itesm.mx', 'PTM', 'Sarah Nápoles Luna'),
(307, 'A2225', 'A01633926', 'A01633926@itesm.mx', 'IMT', 'José Abraham Pérez Martínez'),
(308, 'A2303', 'A01635112', 'a01635112@itesm.mx', 'ISC', 'OSCAR ERNESTO'),
(309, 'A5360', 'A01634775', 'A01634775@itesm.mx', 'PBB', 'Josué Alvarado Morales'),
(310, 'A6407', 'A01630990', 'apaola.005@gmail.com', 'PTM', 'Ana Paola García Alonzo '),
(311, 'A5310', 'A01635261', 'A01635261@itesm.mx', 'Preparatoria', 'Raul Tiberiu Hrabak Barcelata'),
(312, 'A5252', 'A01635009', 'a01635009@itesm.mx', 'preparatoria', 'Juan Antonio'),
(313, 'A5253', 'A01635179', 'A01635179@itesm.mx', 'preparatoria', 'Alejandro Ramírez'),
(314, 'A5311', 'A01635327', 'A01635327@itesm.mx', 'prepa', 'Jorge ivan villa gonzalez'),
(315, 'A5372', 'A00344729', 'RaulIsaac127@gmail.com', 'Preparatoria', 'Raul Isaac Castillo Escobar'),
(316, 'A5211', 'A01633693', 'a01633693@itesm.mx', 'preparatoria', 'Itzel Alcantar Mendoza'),
(317, 'A5466', 'A01634102', 'a01634102@itesm.mx', 'Preparatoria', 'Brenda Michelle Renteria Ibarra'),
(318, 'A3128', 'A01633030', 'a01633030@itesm.mx', 'LRI', 'Ximena Conde '),
(319, 'S301', 'A01633318', 'A01633318@itesm.mx', 'Preparatoria', 'Zara Avila'),
(321, 'A5144', 'A01632556', 'a01632556@itesm.mx', 'PTM', 'A01632556'),
(323, 'A5364', 'A01633835', 'A01633835@itesm.mx', 'Prepa Tec Multicultural', 'Sofia Padilla'),
(324, 'A5364', 'A01634632', 'a01634632@itesm.mx', 'Prepa Multicultural', 'María José González Magaña'),
(325, 'A5143', 'A01634580', 'a01634580@itesm.mx', 'Prepa Multicultural', 'Paola Tapia Martinez'),
(326, 'A5352', 'A01633831', 'a01633831@itesm.mx', 'Preparatoria Multicultural', 'Hannia Shahide Nájar Arévalo'),
(327, 'A5318', 'A01633834', 'A01633834@itesm.mx', 'Prepa', 'Kenneth '),
(328, 'A2311', 'A01227069', 'elnocasiel.guerrero@gmail.com', 'IMA', 'Elno Casiel Emiliano Guerrero Hinojosa'),
(330, 'I204', 'A01630163', 'rfa.lopez.pena@gmail.com', 'ITE', 'Rafael López Peña'),
(331, 'S202', 'A01633753', 'A01633753@itesm.mx', 'Bicultural', 'Pablo Yael Montiel Cisneros'),
(332, 'A5422', 'A01634644', 'a01634644@itesm.mx', 'Prepa', 'Mariana'),
(333, 'A5314', 'A01633736', 'jcarlos.peralta@hotmail.com', 'Prepa', 'José Carlos Peralta gallardo'),
(334, 'A5419', 'A01633745', 'A01633745@itesm.mx', 'Preparatoria', 'Rolando Joel Vázquez Rodríguez'),
(335, 'A5353', 'A01635202', 'A01635202@itesm.mx', 'Prepa', 'Valeria Jacques Chávez '),
(336, 'A5150', 'A01635134', 'A01635134@itesm.mx', 'Preparatoria', 'Mariana Navarro'),
(337, 'A5246', 'A01634055', 'a01634055@itesm.mx', 'Prepa Tec', 'Alejandra Bauer'),
(338, 'A5465', 'A01634105', 'A01634105@itesm.mx', '2 semestre', 'Hector Robles'),
(340, 'A5474', 'A01634625', 'a01634635@itesm.mx', 'Prepa TEC', 'Edgardo fonseca Sánchez '),
(341, 'A5445', 'A01633738', 'a01633738@itesm.mx', 'Prepa', 'Pablo Alonso Salazar Aragon'),
(342, 'A5459', 'A01634547', 'A01634547@itesm.mx', 'PrepaTec', 'Gonzalo Alejandro González Avitia'),
(343, 'A6325', 'A01632850', 'a01632850@itesm.mx', 'preparatoria', 'Dulce Daniela Aguilar mares'),
(344, 'A5356', 'A01634267', 'a01634267@itesm.mx', 'Prepa Multicultural', 'Diana Ligia Reyes Ruiz'),
(345, 'A5151', 'A01634633', 'A01634633@itesm.mx', 'PrepaTec', 'Ximena'),
(346, 'A5239', 'A01634269', 'a01634269@itesm.mx', 'PBB14', 'Brenda Griselda Rodríguez Rodríguez'),
(347, 'S222', 'A01634135', 'A01634135@itesm.mx', 'Preparatoria', 'María Fernanda Elizalde Macías'),
(348, 'S113', 'A01634165', 'a01634165@itesm.mx', 'Preparatoria', 'Santiago Córdova Berrelleza'),
(349, 'A5464', 'A01634114', 'A01634114@itesm.mx', 'Prepa Bicultural', 'Alejandro '),
(350, 'A2428', 'A01228270', 'A01228270@itesm.mx', 'IIS11', 'Carlos Gibrel Martínez Plascencia'),
(351, 'M211', 'A01064968', 'A01064968@itesm.com', 'IBT', 'Carlos Manuel Pérez Ojeda '),
(352, 'A5452', 'A01633739', 'a01633739@itesm.mx', 'Preparatoria Multicultural', 'Diego Sanchez'),
(353, 'A6311', 'A01633357', 'a01633357@itesm.mx', 'PBB', 'Alma Mariana Durán Vidales '),
(354, 'A5457', 'A01284199', 'mariana.delafuente.cordova@gmail.com', 'PTM', 'Mariana De la Fuente Córdova'),
(355, 'A5392', 'A01634631', 'A01634631@itesm.mx', 'Prepa Multicultural', 'Itzel Gonzalez Camacho'),
(356, 'A5462', 'A01634806', 'alessiorios55@gmail.com', 'Segundo semestre', 'Alessio Rios Diaz'),
(357, 'A5467', 'A01635176', 'alex.cortes.b4@gmail.com', 'Prepa', 'Alejandro Cortes Berrueta'),
(358, 'A3130', 'A01630182', 's_verdin@hotmail.com', 'LAE', 'Sonaly Verdín Del Villar'),
(359, 'A3132', 'A01634502', 'jorgequinterov2406@gmail.com', 'ISC', 'Jorge Vinicio Quintero Santos'),
(360, 'A5115', 'A01634075', 'a01634075@itesm.mx', 'Segundo Semestre ', 'Elena González Muro'),
(361, 'A3138', 'A01631385', 'a01631385@itesm.mx', 'ISC', 'Lucía Velasco García'),
(362, 'S302', 'A01632672', 'A01632672@itesm.mx', 'Preparatoria', 'Diana Andrea Valencia Carrillo'),
(363, 'S312', 'A01632427', 'r00dri157@gmail.com', 'Preparatoria', 'Rodrigo Gutièrrez Àlvarez'),
(364, 'A6272', 'A01633382', 'a01633382@itesm.mx', 'pbb', 'Omar Herrera'),
(365, 'A5267', 'A01745936', 'a01745936@itesm.mx', 'Prepa TEC Multicultural', 'Olga Espinosa'),
(366, 'A6331', 'A01631576', 'A01631576@itesm.mx', 'PBB', 'César Antonio Mejía Romero'),
(369, 'A5157', 'A01634526', 'A01634526@itesm.mx', 'Pbb', 'Andrea'),
(370, 'A6140', 'A01631003', 'a01631003@itesm.mx', 'Prepa Tec Multicultural', 'Alondra Zúñiga Rodríguez'),
(371, 'A5374', 'A01636053', 'A01636053@itesm.mx', 'Preparatoria', 'Guillermo Vega'),
(372, 'A5374', 'A01636053', 'A01636053@itesm.mx', 'Preparatoria', 'Guillermo Vega'),
(373, 'A5375', 'A01636048', 'A01636048@itesm.mx', 'Preparatoria', ' Diego Vega Cruz'),
(374, 'A5254', 'A01634967', 'a01634967@itesm.mx', 'Preparatoria', 'Jose Ines Calderon Castaños'),
(375, 'A5485', 'A01633818', 'A01633818@itesm.mx', 'Prepa bilingüe', 'Ismael Gutiérrez Vargas'),
(376, 'A5366', 'A01634197', 'a01634197@itesm.mx', 'Preparatoria', 'Diego Alberto Cárdenas Páez'),
(378, 'A5358', 'A01634085', 'A01634085@itesm.mx', 'PTM14', 'José Eduardo López Romero'),
(379, 'A5361', 'A01634243', 'bjorn.alejandro@gmail.com', 'Preparatoria', 'Bjorn Alejandro Mancio Cruz'),
(381, 'S209', 'A01634517', 'xime.plascencia@hotmail.com', 'PTM', 'Ana Ximena Plascencia Enriquez'),
(382, 'S311', 'A01632229', 'A01632229@itesm.mx', 'Preparatoria', 'Carolina Gómez Manzano'),
(383, 'S221', 'A01634874', 'A01634874@itesm.mx', 'PREPA', 'Maria Fernanda Soto Ordaz'),
(384, 'A2229', 'A01635067', 'sam.l.castro.slc@gmail.com', 'Arquitectura', 'Samantha López'),
(385, 'A2230', 'A01229489', 'lui.segura@hotmail.com', 'IMT', 'Luis Arturo Segura'),
(386, 'A6352', 'A01631578', 'a01631578@itesm.mx', 'PBB', 'Aldhara Zitlali Cordero Muñoz '),
(387, 'A6314', 'A01632023', 'A01632023@itesm.mx', 'Prepa Tec', 'Diana de Fátima Añorve Domínguez'),
(388, 'A3137', 'A01228853', 'DBGG16@HOTMAIL.COM', 'ingenieria biomedica', 'daniela berenice gutierrez gutierrez'),
(389, 'I158', 'A01421999', 'A01421999@itesm.mx', 'IMT', 'Edgar Neri Garcia '),
(390, 'A6414', 'A01251267', 'paulinaorozco.31@hotmail.com', 'Preparatoria', 'Paulina'),
(391, 'A6258', 'A01632497', 'a01632497@itesm.mx', 'Prepa', 'José Manuel Fausto Zamora'),
(392, 'I101', 'A01228574', 'a01228574@itesm.mx', 'ISC', 'Luis Palomino Trevilla'),
(393, 'A6449', 'A01631004', 'vaniastephanieb@itesm.mx', 'Preparatoria ', 'Vania Stephanie Barba Ramírez'),
(394, 'A3210', 'A01228003', 'natalia.navarro.t@gmail.com', 'LDI', 'Natalia Navarro'),
(395, 'A6410', 'A01630928', 'a01630928@itesm.mx', 'Prepa Tec', 'Juan Carlos Delgado Llamas'),
(396, 'A6454', 'A01630746', 'a01630746@itesm.mx', 'PTM', 'Fatima Pacheco'),
(397, 'M217', 'A01630860', 'camilacrzc@gmail.com', 'Ingeniería en biotecnología ', 'A01630860'),
(398, 'A6453', 'A01631963', 'ximenahernandez190@gmail.com', 'Preparatoria', 'Karla ximena hernandez'),
(399, 'A2236', 'A01250704', 'lucia.pineda5@gmail.com', 'LAE', 'LUCIA PINEDA CHÁVEZ'),
(400, 'A2234', 'A01635151', 'a01635151@itesm.mx', 'ITIt', 'Gustavo Alejandro Flores Cortes'),
(401, 'S309', 'A01632233', 'A01632233@itesm.mx', 'Preparatoria', 'Kimberly zavaleta'),
(403, 'M207', 'A01271889', 'A01271889@itesm.mx', 'Ingenieria de biotecnologia ', 'Ana Marlen Isidro Aldana'),
(404, 'A5153', 'A01632190', 'A01632190@itesm.mx', 'Prepa Tec', 'Gabriel González Ruiz'),
(405, 'A2231', 'A00960233', 'A00960233@itesm.mx', 'IMT', 'Andrea Coronado'),
(406, 'S211', 'A01633770', 'A01633770@itesm.mx', 'Preparatoria ', 'Andrea'),
(407, 'S310', 'A01632864', 'A01632864@itesm.mx', 'Prepa', 'Marcela'),
(408, 'A3223', 'A01634337', 'A01634337@itesm.mx', 'ITI', 'Angel Farid Mendez'),
(409, 'A5259', 'A01634647', 'a01634647@itesm.mx', 'Prepa Tec 2º Semestre', 'Andrea Romero Cartas'),
(412, 'A2317', 'A01229630', 'majoruiz0899@outlook.com', 'CPF', 'Maria Jose Ruiz Solorzano'),
(413, 'M219', 'A01634731', 'a01634731@items.mx', 'IMD ', 'Daniela '),
(414, 'A5368', 'A01635256', 'melanie.livier.lara@outlook.com', 'PBB', 'Melanie Livier Lara Garcia '),
(415, 'A5369', 'A01634595', 'josealfredoromanpineda@gmail.com', 'PBB', 'A01634595'),
(416, 'S317', 'A01632221', 'A01632221@itesm.mx', 'Prepa', 'Sofía López'),
(417, 'S304', 'A01633320 ', 'a01633320@itesm.mx', 'Prepa', 'PrepaJosé Diego Silva Larragoiti A01633320@itesm.mx '),
(418, 'M306', 'A01634491', 'metg_hudson@hotmail.com', 'MC', 'Manuel Tamayo'),
(419, 'S104', 'A01634999', 'A01634999@itesm.mx', 'Prepa', 'Estefano Rafael Perez Arias'),
(420, 'A2417', 'A01221582', 'A01221582@itesm.mx', 'IMT', 'Artaban Lott Plascencia Padilla '),
(421, 'A6259', 'A01632189', 'saritamglv@hotmail.com', 'Preparatoria', 'Sara Mariana García Luna Valenzuela'),
(422, 'A6141', 'A01633594', 'Vanessa_Landeros@Outlook.com', 'Preparatoria', 'Paloma Vanessa'),
(423, 'A3219', 'A01227700', 'A01227700@itesm.mx', 'LCDE', 'Maria Elena Rodriguez '),
(424, 'S323', 'A01632444', 'A01632444@itesm.mx', 'PTM14', 'Carolina González Becerra'),
(425, 'S223', 'A01633771', 'A01633771@itesm.mx', 'Preparatoria', 'Miguel García '),
(426, 'M220', 'A01634666', 'alvarobautista1@outlook.com', 'IBT', 'Alvaro Roberto Bautista Ayala'),
(427, 'M315', 'A01633913', 'a01633913@itesm.mx', 'IBT', 'A01633913'),
(428, 'A2413', 'A01229595', 'a01229595@itesm.mx', 'IQA', 'Paulina'),
(429, 'A6408', 'A01633482', 'A01633482@itesm.mx', 'Preparatoria', 'Raúl'),
(430, 'A6403', 'A01630965', 'a01630965@itesm.mx', 'PTM', 'Ivanna Bolaños Artigas'),
(431, 'A2413', 'A01229595', 'a01229595@itesm.mx', 'IQA', 'Paulina'),
(432, 'A2421', 'A01229270', 'A01229270@itesm.mx', 'IIS', 'Valeria Preciado'),
(433, 'A6316', 'A01021999', 'A01021999@itesm.mx', 'PBB', 'Itzel Monserrat Corzo Valle'),
(434, 'A6316', 'A01021999', 'A01021999@itesm.mx', 'PBB', 'Itzel Monserrat Corzo Valle'),
(435, 'A6404', 'A01630991', 'gomezdvd@hotmail.com', 'PTM14', 'David Gómez Gutierrez'),
(436, 'A2423', 'A01251638', 'a01251638@itesm.mx', 'IMT', 'María Teresa Saldaña Gonzalez'),
(437, 'M317', 'A01224397', 'A01224397@itesm.mx', 'Médico Cirujano', 'María Andrea Cortés Covarrubias'),
(438, 'M210', 'A00232131', 'dany_noriega56@hotmail.com', 'LNB', 'Daniela Noriega'),
(439, 'M212', 'A01209448', 'A01209448@itesm.mx', 'IMD', 'Ariadna Lozano'),
(441, 'A6452', 'A01630980', 'a01630980@itesm.mx', 'PTM', 'José Arriaga'),
(443, 'A5116', 'A01632852', 'A01632852@itesm.mx', '', 'Santiago '),
(446, 'A5160', 'A01383282', 'A01383282@itesm.mx', 'Preparatoria', 'Ivan Ortega Sotomayor '),
(447, 'S120', 'A01634175', 'A01634175@itesm.mx', '2ndo Semestre', 'Andrea Macias Vazquez'),
(448, 'M228', 'A01631916', 'a01631916@itesm.mx', 'IBT', 'Nallely Mancilla Contreras'),
(449, 'A5148', 'A01633297', 'bettyggx@gmail.com', 'PReparatoria ', 'Beatriz Garcia '),
(450, 'I133', 'A01227978', 'A01227978@itesm.mx', 'ITE', 'Aracely Shiann Escamilla'),
(451, 'A5391', 'A01634189', 'A01634189@itesm.mx', 'Segundo semestre', 'Daniela Arvizu Cuevas'),
(452, 'A5391', 'A01634189', 'A01634189@itesm.mx', 'Segundo semestre', 'Daniela Arvizu Cuevas'),
(453, 'M302', 'A01635111', 'A01635111@itesm.mx', 'MC', 'Diego Eduardo Aguilar García'),
(454, 'M208', 'A01066413', 'a01066413@itesm.mx', 'IBT', 'Dhamar Alejandra Ramírez Castillo'),
(455, 'M304', 'A01635001', 'a01635001@itesm.mx', 'MC', 'Mathew Gabriel López García'),
(456, 'A6341', 'A01633294', 'torrescoalex@gmail.com', 'Prepa PPB', 'Alexandra Escobar Torres'),
(457, 'A3220', 'A01223158', 'uribevegadaniela@gmail.com', 'LDI', 'Daniela Uribe'),
(458, 'S305', 'A01632424', 'a01632424@itesm.mx', 'preparatoria', 'Salma '),
(460, 'S303', 'A01633006', 'a01633006@itesm.mx', 'Multicultural ', 'Carlos '),
(461, 'I134', 'A01228451', 'a01228451@itesm.mx', 'IMT', 'Farid Alejandro Izar Bonilla'),
(462, 'A2324', 'A01631927', 'vivianasandoval11@yahoo.com', 'IMT', 'Viviana'),
(463, 'S318', 'A01632228', 'a01632228@itesm.mx', 'Preparatoría', 'María Fernanda Gómez Contreras'),
(464, 'A3222', 'A01114185', 'A01114185@itesm.mx', 'ITI', 'José Carlos Raigoza Angulo');

-- --------------------------------------------------------

--
-- Estructura de tabla para la tabla `errorlog`
--

CREATE TABLE `errorlog` (
  `folio` int(15) NOT NULL,
  `Pantalla` varchar(150) COLLATE utf8_unicode_ci NOT NULL,
  `Error` text COLLATE utf8_unicode_ci NOT NULL,
  `Fecha` datetime NOT NULL
) ENGINE=MyISAM DEFAULT CHARSET=utf8 COLLATE=utf8_unicode_ci;

-- --------------------------------------------------------

--
-- Estructura de tabla para la tabla `estatus`
--

CREATE TABLE `estatus` (
  `id` int(1) NOT NULL,
  `nombre` varchar(100) NOT NULL,
  `color` varchar(100) NOT NULL
) ENGINE=InnoDB DEFAULT CHARSET=latin1;

--
-- Volcado de datos para la tabla `estatus`
--

INSERT INTO `estatus` (`id`, `nombre`, `color`) VALUES
(1, 'Disponible', ''),
(2, 'Solicitado', 'background-color:#f3e793'),
(3, 'Asignado', 'background-color:#f19d9d');

-- --------------------------------------------------------

--
-- Estructura de tabla para la tabla `piso`
--

CREATE TABLE `piso` (
  `id` int(11) NOT NULL,
  `nombre` varchar(100) NOT NULL,
  `numero_piso` int(10) NOT NULL,
  `id_aulas` varchar(10) NOT NULL,
  `filas` int(2) NOT NULL,
  `columnas` int(2) NOT NULL
) ENGINE=InnoDB DEFAULT CHARSET=latin1;

--
-- Volcado de datos para la tabla `piso`
--

INSERT INTO `piso` (`id`, `nombre`, `numero_piso`, `id_aulas`, `filas`, `columnas`) VALUES
(1, '1er piso', 1, '1', 4, 8),
(2, '1er piso', 1, '2', 4, 6),
(3, '2do piso', 2, '2', 4, 9),
(4, '3er piso', 3, '2', 4, 6),
(5, '4to piso', 4, '2', 4, 12),
(6, '1er piso', 1, '3', 4, 12),
(7, '2do piso', 2, '3', 4, 9),
(8, '1er piso', 1, '5', 4, 23),
(9, '2do piso', 2, '5', 4, 22),
(10, '3er piso', 3, '5', 4, 23),
(11, '4to piso', 4, '5', 4, 22),
(12, '1er piso', 1, '6', 4, 12),
(13, '2do piso', 2, '6', 4, 18),
(14, '3er piso', 3, '6', 4, 19),
(15, '4to piso', 4, '6', 4, 18),
(16, '2do piso', 2, 'M', 3, 11),
(17, '3er piso', 3, 'M', 3, 11),
(18, '4to piso', 4, 'M', 3, 11),
(19, '1er piso', 1, 'I', 3, 32),
(20, '2do piso', 2, 'I', 6, 11),
(21, '3er piso', 3, 'I', 6, 10),
(22, '4to piso', 4, 'I', 6, 10),
(23, '5to piso', 5, 'I', 6, 10),
(24, '1er piso', 1, 'S', 4, 11),
(25, '2do piso', 2, 'S', 4, 11),
(26, '3er piso', 3, 'S', 4, 8),
(27, '4to piso', 4, 'S', 4, 8);

--
-- Índices para tablas volcadas
--

--
-- Indices de la tabla `candado`
--
ALTER TABLE `candado`
  ADD PRIMARY KEY (`MiId`);

--
-- Indices de la tabla `caulas`
--
ALTER TABLE `caulas`
  ADD PRIMARY KEY (`id`);

--
-- Indices de la tabla `ccliente`
--
ALTER TABLE `ccliente`
  ADD PRIMARY KEY (`folio`);

--
-- Indices de la tabla `clockers`
--
ALTER TABLE `clockers`
  ADD PRIMARY KEY (`folio`);

--
-- Indices de la tabla `crol`
--
ALTER TABLE `crol`
  ADD PRIMARY KEY (`folio`);

--
-- Indices de la tabla `ctarget`
--
ALTER TABLE `ctarget`
  ADD PRIMARY KEY (`id`);

--
-- Indices de la tabla `cuser`
--
ALTER TABLE `cuser`
  ADD PRIMARY KEY (`Nomina`);

--
-- Indices de la tabla `dlockers`
--
ALTER TABLE `dlockers`
  ADD PRIMARY KEY (`id`);

--
-- Indices de la tabla `errorlog`
--
ALTER TABLE `errorlog`
  ADD PRIMARY KEY (`folio`);

--
-- Indices de la tabla `estatus`
--
ALTER TABLE `estatus`
  ADD PRIMARY KEY (`id`);

--
-- Indices de la tabla `piso`
--
ALTER TABLE `piso`
  ADD PRIMARY KEY (`id`);

--
-- AUTO_INCREMENT de las tablas volcadas
--

--
-- AUTO_INCREMENT de la tabla `candado`
--
ALTER TABLE `candado`
  MODIFY `MiId` int(100) NOT NULL AUTO_INCREMENT, AUTO_INCREMENT=1282;

--
-- AUTO_INCREMENT de la tabla `ccliente`
--
ALTER TABLE `ccliente`
  MODIFY `folio` bigint(10) NOT NULL AUTO_INCREMENT, AUTO_INCREMENT=105;

--
-- AUTO_INCREMENT de la tabla `crol`
--
ALTER TABLE `crol`
  MODIFY `folio` int(11) NOT NULL AUTO_INCREMENT, AUTO_INCREMENT=3;

--
-- AUTO_INCREMENT de la tabla `ctarget`
--
ALTER TABLE `ctarget`
  MODIFY `id` int(11) NOT NULL AUTO_INCREMENT, AUTO_INCREMENT=52;

--
-- AUTO_INCREMENT de la tabla `dlockers`
--
ALTER TABLE `dlockers`
  MODIFY `id` int(10) NOT NULL AUTO_INCREMENT, AUTO_INCREMENT=465;

--
-- AUTO_INCREMENT de la tabla `errorlog`
--
ALTER TABLE `errorlog`
  MODIFY `folio` int(15) NOT NULL AUTO_INCREMENT, AUTO_INCREMENT=3;

--
-- AUTO_INCREMENT de la tabla `estatus`
--
ALTER TABLE `estatus`
  MODIFY `id` int(1) NOT NULL AUTO_INCREMENT, AUTO_INCREMENT=4;

--
-- AUTO_INCREMENT de la tabla `piso`
--
ALTER TABLE `piso`
  MODIFY `id` int(11) NOT NULL AUTO_INCREMENT, AUTO_INCREMENT=28;
COMMIT;

/*!40101 SET CHARACTER_SET_CLIENT=@OLD_CHARACTER_SET_CLIENT */;
/*!40101 SET CHARACTER_SET_RESULTS=@OLD_CHARACTER_SET_RESULTS */;
/*!40101 SET COLLATION_CONNECTION=@OLD_COLLATION_CONNECTION */;
